"","Var1","Var2","Freq"
"1","BB","2002-01",0
"2","BE","2002-01",0
"3","BW","2002-01",0
"4","BY","2002-01",0
"5","HB","2002-01",0
"6","HE","2002-01",0
"7","HH","2002-01",0
"8","MV","2002-01",0
"9","NI","2002-01",2
"10","NW","2002-01",0
"11","RP","2002-01",0
"12","SH","2002-01",0
"13","SL","2002-01",0
"14","SN","2002-01",0
"15","ST","2002-01",0
"16","TH","2002-01",0
"17","BB","2002-02",13
"18","BE","2002-02",9
"19","BW","2002-02",0
"20","BY","2002-02",0
"21","HB","2002-02",0
"22","HE","2002-02",0
"23","HH","2002-02",1
"24","MV","2002-02",12
"25","NI","2002-02",0
"26","NW","2002-02",0
"27","RP","2002-02",0
"28","SH","2002-02",0
"29","SL","2002-02",0
"30","SN","2002-02",13
"31","ST","2002-02",10
"32","TH","2002-02",6
"33","BB","2002-03",7
"34","BE","2002-03",9
"35","BW","2002-03",7
"36","BY","2002-03",7
"37","HB","2002-03",7
"38","HE","2002-03",7
"39","HH","2002-03",13
"40","MV","2002-03",7
"41","NI","2002-03",7
"42","NW","2002-03",7
"43","RP","2002-03",11
"44","SH","2002-03",0
"45","SL","2002-03",7
"46","SN","2002-03",4
"47","ST","2002-03",0
"48","TH","2002-03",7
"49","BB","2002-04",5
"50","BE","2002-04",6
"51","BW","2002-04",5
"52","BY","2002-04",6
"53","HB","2002-04",13
"54","HE","2002-04",5
"55","HH","2002-04",0
"56","MV","2002-04",3
"57","NI","2002-04",13
"58","NW","2002-04",6
"59","RP","2002-04",5
"60","SH","2002-04",14
"61","SL","2002-04",10
"62","SN","2002-04",5
"63","ST","2002-04",9
"64","TH","2002-04",6
"65","BB","2002-05",2
"66","BE","2002-05",5
"67","BW","2002-05",11
"68","BY","2002-05",11
"69","HB","2002-05",0
"70","HE","2002-05",0
"71","HH","2002-05",6
"72","MV","2002-05",5
"73","NI","2002-05",1
"74","NW","2002-05",1
"75","RP","2002-05",0
"76","SH","2002-05",0
"77","SL","2002-05",2
"78","SN","2002-05",4
"79","ST","2002-05",1
"80","TH","2002-05",5
"81","BB","2002-06",0
"82","BE","2002-06",0
"83","BW","2002-06",0
"84","BY","2002-06",1
"85","HB","2002-06",11
"86","HE","2002-06",4
"87","HH","2002-06",0
"88","MV","2002-06",0
"89","NI","2002-06",11
"90","NW","2002-06",0
"91","RP","2002-06",0
"92","SH","2002-06",0
"93","SL","2002-06",4
"94","SN","2002-06",11
"95","ST","2002-06",11
"96","TH","2002-06",11
"97","BB","2002-07",28
"98","BE","2002-07",28
"99","BW","2002-07",7
"100","BY","2002-07",0
"101","HB","2002-07",31
"102","HE","2002-07",31
"103","HH","2002-07",28
"104","MV","2002-07",28
"105","NI","2002-07",31
"106","NW","2002-07",14
"107","RP","2002-07",28
"108","SH","2002-07",28
"109","SL","2002-07",31
"110","SN","2002-07",31
"111","ST","2002-07",31
"112","TH","2002-07",31
"113","BB","2002-08",17
"114","BE","2002-08",17
"115","BW","2002-08",31
"116","BY","2002-08",31
"117","HB","2002-08",0
"118","HE","2002-08",9
"119","HH","2002-08",14
"120","MV","2002-08",14
"121","NI","2002-08",0
"122","NW","2002-08",31
"123","RP","2002-08",16
"124","SH","2002-08",14
"125","SL","2002-08",7
"126","SN","2002-08",0
"127","ST","2002-08",0
"128","TH","2002-08",0
"129","BB","2002-09",0
"130","BE","2002-09",0
"131","BW","2002-09",7
"132","BY","2002-09",16
"133","HB","2002-09",1
"134","HE","2002-09",1
"135","HH","2002-09",0
"136","MV","2002-09",0
"137","NI","2002-09",1
"138","NW","2002-09",0
"139","RP","2002-09",1
"140","SH","2002-09",0
"141","SL","2002-09",0
"142","SN","2002-09",0
"143","ST","2002-09",0
"144","TH","2002-09",0
"145","BB","2002-10",14
"146","BE","2002-10",14
"147","BW","2002-10",3
"148","BY","2002-10",4
"149","HB","2002-10",12
"150","HE","2002-10",12
"151","HH","2002-10",16
"152","MV","2002-10",6
"153","NI","2002-10",12
"154","NW","2002-10",13
"155","RP","2002-10",11
"156","SH","2002-10",15
"157","SL","2002-10",16
"158","SN","2002-10",13
"159","ST","2002-10",8
"160","TH","2002-10",13
"161","BB","2002-11",0
"162","BE","2002-11",0
"163","BW","2002-11",0
"164","BY","2002-11",2
"165","HB","2002-11",0
"166","HE","2002-11",0
"167","HH","2002-11",0
"168","MV","2002-11",0
"169","NI","2002-11",0
"170","NW","2002-11",0
"171","RP","2002-11",0
"172","SH","2002-11",0
"173","SL","2002-11",0
"174","SN","2002-11",0
"175","ST","2002-11",0
"176","TH","2002-11",0
"177","BB","2002-12",9
"178","BE","2002-12",9
"179","BW","2002-12",9
"180","BY","2002-12",9
"181","HB","2002-12",9
"182","HE","2002-12",9
"183","HH","2002-12",9
"184","MV","2002-12",9
"185","NI","2002-12",9
"186","NW","2002-12",9
"187","RP","2002-12",12
"188","SH","2002-12",9
"189","SL","2002-12",9
"190","SN","2002-12",9
"191","ST","2002-12",9
"192","TH","2002-12",9
"193","BB","2003-01",3
"194","BE","2003-01",3
"195","BW","2003-01",4
"196","BY","2003-01",4
"197","HB","2003-01",7
"198","HE","2003-01",10
"199","HH","2003-01",5
"200","MV","2003-01",3
"201","NI","2003-01",6
"202","NW","2003-01",6
"203","RP","2003-01",3
"204","SH","2003-01",6
"205","SL","2003-01",6
"206","SN","2003-01",4
"207","ST","2003-01",4
"208","TH","2003-01",3
"209","BB","2003-02",6
"210","BE","2003-02",6
"211","BW","2003-02",0
"212","BY","2003-02",0
"213","HB","2003-02",2
"214","HE","2003-02",0
"215","HH","2003-02",0
"216","MV","2003-02",13
"217","NI","2003-02",2
"218","NW","2003-02",0
"219","RP","2003-02",0
"220","SH","2003-02",0
"221","SL","2003-02",0
"222","SN","2003-02",12
"223","ST","2003-02",13
"224","TH","2003-02",6
"225","BB","2003-03",0
"226","BE","2003-03",0
"227","BW","2003-03",0
"228","BY","2003-03",5
"229","HB","2003-03",0
"230","HE","2003-03",0
"231","HH","2003-03",13
"232","MV","2003-03",0
"233","NI","2003-03",0
"234","NW","2003-03",0
"235","RP","2003-03",0
"236","SH","2003-03",13
"237","SL","2003-03",2
"238","SN","2003-03",0
"239","ST","2003-03",0
"240","TH","2003-03",0
"241","BB","2003-04",10
"242","BE","2003-04",12
"243","BW","2003-04",13
"244","BY","2003-04",13
"245","HB","2003-04",17
"246","HE","2003-04",13
"247","HH","2003-04",0
"248","MV","2003-04",10
"249","NI","2003-04",17
"250","NW","2003-04",13
"251","RP","2003-04",16
"252","SH","2003-04",1
"253","SL","2003-04",15
"254","SN","2003-04",8
"255","ST","2003-04",9
"256","TH","2003-04",12
"257","BB","2003-05",1
"258","BE","2003-05",2
"259","BW","2003-05",0
"260","BY","2003-05",0
"261","HB","2003-05",0
"262","HE","2003-05",0
"263","HH","2003-05",6
"264","MV","2003-05",0
"265","NI","2003-05",2
"266","NW","2003-05",0
"267","RP","2003-05",0
"268","SH","2003-05",0
"269","SL","2003-05",1
"270","SN","2003-05",0
"271","ST","2003-05",2
"272","TH","2003-05",0
"273","BB","2003-06",0
"274","BE","2003-06",0
"275","BW","2003-06",12
"276","BY","2003-06",12
"277","HB","2003-06",1
"278","HE","2003-06",0
"279","HH","2003-06",0
"280","MV","2003-06",5
"281","NI","2003-06",1
"282","NW","2003-06",1
"283","RP","2003-06",0
"284","SH","2003-06",1
"285","SL","2003-06",0
"286","SN","2003-06",0
"287","ST","2003-06",0
"288","TH","2003-06",4
"289","BB","2003-07",29
"290","BE","2003-07",29
"291","BW","2003-07",8
"292","BY","2003-07",4
"293","HB","2003-07",22
"294","HE","2003-07",11
"295","HH","2003-07",29
"296","MV","2003-07",27
"297","NI","2003-07",22
"298","NW","2003-07",1
"299","RP","2003-07",11
"300","SH","2003-07",31
"301","SL","2003-07",11
"302","SN","2003-07",20
"303","ST","2003-07",22
"304","TH","2003-07",22
"305","BB","2003-08",16
"306","BE","2003-08",16
"307","BW","2003-08",31
"308","BY","2003-08",31
"309","HB","2003-08",20
"310","HE","2003-08",29
"311","HH","2003-08",13
"312","MV","2003-08",15
"313","NI","2003-08",20
"314","NW","2003-08",31
"315","RP","2003-08",29
"316","SH","2003-08",9
"317","SL","2003-08",30
"318","SN","2003-08",22
"319","ST","2003-08",20
"320","TH","2003-08",20
"321","BB","2003-09",0
"322","BE","2003-09",0
"323","BW","2003-09",6
"324","BY","2003-09",8
"325","HB","2003-09",0
"326","HE","2003-09",0
"327","HH","2003-09",0
"328","MV","2003-09",0
"329","NI","2003-09",0
"330","NW","2003-09",13
"331","RP","2003-09",0
"332","SH","2003-09",0
"333","SL","2003-09",0
"334","SN","2003-09",0
"335","ST","2003-09",0
"336","TH","2003-09",0
"337","BB","2003-10",13
"338","BE","2003-10",13
"339","BW","2003-10",1
"340","BY","2003-10",5
"341","HB","2003-10",13
"342","HE","2003-10",12
"343","HH","2003-10",13
"344","MV","2003-10",6
"345","NI","2003-10",13
"346","NW","2003-10",12
"347","RP","2003-10",12
"348","SH","2003-10",13
"349","SL","2003-10",13
"350","SN","2003-10",11
"351","ST","2003-10",7
"352","TH","2003-10",4
"353","BB","2003-11",0
"354","BE","2003-11",0
"355","BW","2003-11",6
"356","BY","2003-11",0
"357","HB","2003-11",0
"358","HE","2003-11",1
"359","HH","2003-11",0
"360","MV","2003-11",0
"361","NI","2003-11",0
"362","NW","2003-11",0
"363","RP","2003-11",0
"364","SH","2003-11",0
"365","SL","2003-11",0
"366","SN","2003-11",0
"367","ST","2003-11",0
"368","TH","2003-11",0
"369","BB","2003-12",10
"370","BE","2003-12",10
"371","BW","2003-12",10
"372","BY","2003-12",8
"373","HB","2003-12",10
"374","HE","2003-12",10
"375","HH","2003-12",10
"376","MV","2003-12",10
"377","NI","2003-12",10
"378","NW","2003-12",10
"379","RP","2003-12",10
"380","SH","2003-12",10
"381","SL","2003-12",10
"382","SN","2003-12",10
"383","ST","2003-12",10
"384","TH","2003-12",10
"385","BB","2004-01",2
"386","BE","2004-01",2
"387","BW","2004-01",5
"388","BY","2004-01",7
"389","HB","2004-01",6
"390","HE","2004-01",10
"391","HH","2004-01",4
"392","MV","2004-01",3
"393","NI","2004-01",6
"394","NW","2004-01",6
"395","RP","2004-01",7
"396","SH","2004-01",3
"397","SL","2004-01",6
"398","SN","2004-01",3
"399","ST","2004-01",5
"400","TH","2004-01",3
"401","BB","2004-02",6
"402","BE","2004-02",6
"403","BW","2004-02",0
"404","BY","2004-02",5
"405","HB","2004-02",2
"406","HE","2004-02",0
"407","HH","2004-02",0
"408","MV","2004-02",12
"409","NI","2004-02",2
"410","NW","2004-02",0
"411","RP","2004-02",2
"412","SH","2004-02",0
"413","SL","2004-02",2
"414","SN","2004-02",12
"415","ST","2004-02",10
"416","TH","2004-02",13
"417","BB","2004-03",0
"418","BE","2004-03",0
"419","BW","2004-03",0
"420","BY","2004-03",0
"421","HB","2004-03",3
"422","HE","2004-03",0
"423","HH","2004-03",13
"424","MV","2004-03",0
"425","NI","2004-03",3
"426","NW","2004-03",0
"427","RP","2004-03",0
"428","SH","2004-03",13
"429","SL","2004-03",0
"430","SN","2004-03",0
"431","ST","2004-03",0
"432","TH","2004-03",0
"433","BB","2004-04",10
"434","BE","2004-04",12
"435","BW","2004-04",5
"436","BY","2004-04",13
"437","HB","2004-04",14
"438","HE","2004-04",13
"439","HH","2004-04",0
"440","MV","2004-04",10
"441","NI","2004-04",14
"442","NW","2004-04",13
"443","RP","2004-04",16
"444","SH","2004-04",0
"445","SL","2004-04",16
"446","SN","2004-04",9
"447","ST","2004-04",4
"448","TH","2004-04",12
"449","BB","2004-05",1
"450","BE","2004-05",1
"451","BW","2004-05",8
"452","BY","2004-05",0
"453","HB","2004-05",0
"454","HE","2004-05",0
"455","HH","2004-05",6
"456","MV","2004-05",4
"457","NI","2004-05",1
"458","NW","2004-05",0
"459","RP","2004-05",1
"460","SH","2004-05",0
"461","SL","2004-05",1
"462","SN","2004-05",0
"463","ST","2004-05",8
"464","TH","2004-05",4
"465","BB","2004-06",7
"466","BE","2004-06",7
"467","BW","2004-06",5
"468","BY","2004-06",12
"469","HB","2004-06",1
"470","HE","2004-06",0
"471","HH","2004-06",7
"472","MV","2004-06",6
"473","NI","2004-06",1
"474","NW","2004-06",0
"475","RP","2004-06",1
"476","SH","2004-06",3
"477","SL","2004-06",1
"478","SN","2004-06",0
"479","ST","2004-06",0
"480","TH","2004-06",1
"481","BB","2004-07",31
"482","BE","2004-07",31
"483","BW","2004-07",3
"484","BY","2004-07",0
"485","HB","2004-07",24
"486","HE","2004-07",13
"487","HH","2004-07",31
"488","MV","2004-07",31
"489","NI","2004-07",24
"490","NW","2004-07",10
"491","RP","2004-07",13
"492","SH","2004-07",31
"493","SL","2004-07",13
"494","SN","2004-07",22
"495","ST","2004-07",24
"496","TH","2004-07",24
"497","BB","2004-08",7
"498","BE","2004-08",7
"499","BW","2004-08",31
"500","BY","2004-08",30
"501","HB","2004-08",18
"502","HE","2004-08",27
"503","HH","2004-08",4
"504","MV","2004-08",6
"505","NI","2004-08",18
"506","NW","2004-08",31
"507","RP","2004-08",27
"508","SH","2004-08",7
"509","SL","2004-08",28
"510","SN","2004-08",20
"511","ST","2004-08",18
"512","TH","2004-08",18
"513","BB","2004-09",0
"514","BE","2004-09",0
"515","BW","2004-09",11
"516","BY","2004-09",13
"517","HB","2004-09",0
"518","HE","2004-09",0
"519","HH","2004-09",0
"520","MV","2004-09",0
"521","NI","2004-09",0
"522","NW","2004-09",4
"523","RP","2004-09",0
"524","SH","2004-09",0
"525","SL","2004-09",0
"526","SN","2004-09",0
"527","ST","2004-09",0
"528","TH","2004-09",0
"529","BB","2004-10",13
"530","BE","2004-10",13
"531","BW","2004-10",0
"532","BY","2004-10",0
"533","HB","2004-10",13
"534","HE","2004-10",13
"535","HH","2004-10",13
"536","MV","2004-10",6
"537","NI","2004-10",13
"538","NW","2004-10",13
"539","RP","2004-10",12
"540","SH","2004-10",13
"541","SL","2004-10",13
"542","SN","2004-10",13
"543","ST","2004-10",6
"544","TH","2004-10",13
"545","BB","2004-11",0
"546","BE","2004-11",0
"547","BW","2004-11",5
"548","BY","2004-11",5
"549","HB","2004-11",0
"550","HE","2004-11",0
"551","HH","2004-11",0
"552","MV","2004-11",0
"553","NI","2004-11",0
"554","NW","2004-11",0
"555","RP","2004-11",0
"556","SH","2004-11",0
"557","SL","2004-11",0
"558","SN","2004-11",0
"559","ST","2004-11",0
"560","TH","2004-11",0
"561","BB","2004-12",9
"562","BE","2004-12",9
"563","BW","2004-12",9
"564","BY","2004-12",8
"565","HB","2004-12",9
"566","HE","2004-12",10
"567","HH","2004-12",10
"568","MV","2004-12",10
"569","NI","2004-12",9
"570","NW","2004-12",8
"571","RP","2004-12",10
"572","SH","2004-12",9
"573","SL","2004-12",9
"574","SN","2004-12",9
"575","ST","2004-12",10
"576","TH","2004-12",10
"577","BB","2005-01",6
"578","BE","2005-01",6
"579","BW","2005-01",8
"580","BY","2005-01",4
"581","HB","2005-01",9
"582","HE","2005-01",8
"583","HH","2005-01",0
"584","MV","2005-01",4
"585","NI","2005-01",9
"586","NW","2005-01",7
"587","RP","2005-01",7
"588","SH","2005-01",5
"589","SL","2005-01",4
"590","SN","2005-01",1
"591","ST","2005-01",1
"592","TH","2005-01",0
"593","BB","2005-02",0
"594","BE","2005-02",0
"595","BW","2005-02",0
"596","BY","2005-02",5
"597","HB","2005-02",1
"598","HE","2005-02",0
"599","HH","2005-02",0
"600","MV","2005-02",11
"601","NI","2005-02",1
"602","NW","2005-02",0
"603","RP","2005-02",0
"604","SH","2005-02",0
"605","SL","2005-02",2
"606","SN","2005-02",13
"607","ST","2005-02",9
"608","TH","2005-02",6
"609","BB","2005-03",9
"610","BE","2005-03",9
"611","BW","2005-03",4
"612","BY","2005-03",11
"613","HB","2005-03",13
"614","HE","2005-03",3
"615","HH","2005-03",13
"616","MV","2005-03",9
"617","NI","2005-03",11
"618","NW","2005-03",11
"619","RP","2005-03",11
"620","SH","2005-03",11
"621","SL","2005-03",11
"622","SN","2005-03",7
"623","ST","2005-03",11
"624","TH","2005-03",11
"625","BB","2005-04",2
"626","BE","2005-04",1
"627","BW","2005-04",2
"628","BY","2005-04",2
"629","HB","2005-04",2
"630","HE","2005-04",9
"631","HH","2005-04",0
"632","MV","2005-04",0
"633","NI","2005-04",2
"634","NW","2005-04",2
"635","RP","2005-04",1
"636","SH","2005-04",2
"637","SL","2005-04",4
"638","SN","2005-04",2
"639","ST","2005-04",1
"640","TH","2005-04",2
"641","BB","2005-05",1
"642","BE","2005-05",6
"643","BW","2005-05",12
"644","BY","2005-05",12
"645","HB","2005-05",1
"646","HE","2005-05",0
"647","HH","2005-05",8
"648","MV","2005-05",5
"649","NI","2005-05",5
"650","NW","2005-05",0
"651","RP","2005-05",0
"652","SH","2005-05",2
"653","SL","2005-05",2
"654","SN","2005-05",0
"655","ST","2005-05",5
"656","TH","2005-05",4
"657","BB","2005-06",8
"658","BE","2005-06",8
"659","BW","2005-06",0
"660","BY","2005-06",0
"661","HB","2005-06",0
"662","HE","2005-06",0
"663","HH","2005-06",1
"664","MV","2005-06",4
"665","NI","2005-06",0
"666","NW","2005-06",0
"667","RP","2005-06",0
"668","SH","2005-06",4
"669","SL","2005-06",0
"670","SN","2005-06",0
"671","ST","2005-06",0
"672","TH","2005-06",0
"673","BB","2005-07",31
"674","BE","2005-07",31
"675","BW","2005-07",4
"676","BY","2005-07",0
"677","HB","2005-07",18
"678","HE","2005-07",7
"679","HH","2005-07",31
"680","MV","2005-07",31
"681","NI","2005-07",18
"682","NW","2005-07",25
"683","RP","2005-07",7
"684","SH","2005-07",31
"685","SL","2005-07",7
"686","SN","2005-07",14
"687","ST","2005-07",18
"688","TH","2005-07",18
"689","BB","2005-08",6
"690","BE","2005-08",6
"691","BW","2005-08",31
"692","BY","2005-08",31
"693","HB","2005-08",24
"694","HE","2005-08",31
"695","HH","2005-08",10
"696","MV","2005-08",6
"697","NI","2005-08",24
"698","NW","2005-08",19
"699","RP","2005-08",31
"700","SH","2005-08",6
"701","SL","2005-08",31
"702","SN","2005-08",26
"703","ST","2005-08",24
"704","TH","2005-08",24
"705","BB","2005-09",0
"706","BE","2005-09",0
"707","BW","2005-09",10
"708","BY","2005-09",12
"709","HB","2005-09",0
"710","HE","2005-09",3
"711","HH","2005-09",0
"712","MV","2005-09",0
"713","NI","2005-09",0
"714","NW","2005-09",0
"715","RP","2005-09",2
"716","SH","2005-09",0
"717","SL","2005-09",3
"718","SN","2005-09",0
"719","ST","2005-09",0
"720","TH","2005-09",0
"721","BB","2005-10",12
"722","BE","2005-10",12
"723","BW","2005-10",0
"724","BY","2005-10",1
"725","HB","2005-10",13
"726","HE","2005-10",12
"727","HH","2005-10",12
"728","MV","2005-10",6
"729","NI","2005-10",13
"730","NW","2005-10",12
"731","RP","2005-10",8
"732","SH","2005-10",12
"733","SL","2005-10",13
"734","SN","2005-10",12
"735","ST","2005-10",6
"736","TH","2005-10",13
"737","BB","2005-11",0
"738","BE","2005-11",0
"739","BW","2005-11",3
"740","BY","2005-11",5
"741","HB","2005-11",0
"742","HE","2005-11",0
"743","HH","2005-11",0
"744","MV","2005-11",0
"745","NI","2005-11",0
"746","NW","2005-11",0
"747","RP","2005-11",4
"748","SH","2005-11",0
"749","SL","2005-11",0
"750","SN","2005-11",0
"751","ST","2005-11",0
"752","TH","2005-11",0
"753","BB","2005-12",10
"754","BE","2005-12",10
"755","BW","2005-12",10
"756","BY","2005-12",5
"757","HB","2005-12",9
"758","HE","2005-12",11
"759","HH","2005-12",9
"760","MV","2005-12",9
"761","NI","2005-12",9
"762","NW","2005-12",8
"763","RP","2005-12",10
"764","SH","2005-12",10
"765","SL","2005-12",9
"766","SN","2005-12",9
"767","ST","2005-12",9
"768","TH","2005-12",9
"769","BB","2006-01",5
"770","BE","2006-01",5
"771","BW","2006-01",5
"772","BY","2006-01",5
"773","HB","2006-01",8
"774","HE","2006-01",7
"775","HH","2006-01",6
"776","MV","2006-01",3
"777","NI","2006-01",8
"778","NW","2006-01",6
"779","RP","2006-01",6
"780","SH","2006-01",4
"781","SL","2006-01",7
"782","SN","2006-01",2
"783","ST","2006-01",5
"784","TH","2006-01",2
"785","BB","2006-02",3
"786","BE","2006-02",3
"787","BW","2006-02",0
"788","BY","2006-02",2
"789","HB","2006-02",0
"790","HE","2006-02",0
"791","HH","2006-02",0
"792","MV","2006-02",13
"793","NI","2006-02",0
"794","NW","2006-02",0
"795","RP","2006-02",0
"796","SH","2006-02",0
"797","SL","2006-02",6
"798","SN","2006-02",13
"799","ST","2006-02",10
"800","TH","2006-02",5
"801","BB","2006-03",0
"802","BE","2006-03",0
"803","BW","2006-03",0
"804","BY","2006-03",3
"805","HB","2006-03",0
"806","HE","2006-03",0
"807","HH","2006-03",13
"808","MV","2006-03",0
"809","NI","2006-03",0
"810","NW","2006-03",0
"811","RP","2006-03",0
"812","SH","2006-03",0
"813","SL","2006-03",1
"814","SN","2006-03",0
"815","ST","2006-03",0
"816","TH","2006-03",0
"817","BB","2006-04",10
"818","BE","2006-04",13
"819","BW","2006-04",5
"820","BY","2006-04",13
"821","HB","2006-04",16
"822","HE","2006-04",13
"823","HH","2006-04",0
"824","MV","2006-04",10
"825","NI","2006-04",16
"826","NW","2006-04",13
"827","RP","2006-04",15
"828","SH","2006-04",16
"829","SL","2006-04",13
"830","SN","2006-04",9
"831","ST","2006-04",4
"832","TH","2006-04",12
"833","BB","2006-05",1
"834","BE","2006-05",1
"835","BW","2006-05",3
"836","BY","2006-05",0
"837","HB","2006-05",0
"838","HE","2006-05",0
"839","HH","2006-05",6
"840","MV","2006-05",0
"841","NI","2006-05",1
"842","NW","2006-05",0
"843","RP","2006-05",0
"844","SH","2006-05",0
"845","SL","2006-05",0
"846","SN","2006-05",0
"847","ST","2006-05",6
"848","TH","2006-05",0
"849","BB","2006-06",0
"850","BE","2006-06",0
"851","BW","2006-06",10
"852","BY","2006-06",12
"853","HB","2006-06",1
"854","HE","2006-06",0
"855","HH","2006-06",0
"856","MV","2006-06",5
"857","NI","2006-06",1
"858","NW","2006-06",6
"859","RP","2006-06",0
"860","SH","2006-06",0
"861","SL","2006-06",0
"862","SN","2006-06",0
"863","ST","2006-06",2
"864","TH","2006-06",4
"865","BB","2006-07",26
"866","BE","2006-07",27
"867","BW","2006-07",0
"868","BY","2006-07",1
"869","HB","2006-07",12
"870","HE","2006-07",15
"871","HH","2006-07",26
"872","MV","2006-07",22
"873","NI","2006-07",12
"874","NW","2006-07",31
"875","RP","2006-07",15
"876","SH","2006-07",22
"877","SL","2006-07",15
"878","SN","2006-07",8
"879","ST","2006-07",12
"880","TH","2006-07",12
"881","BB","2006-08",19
"882","BE","2006-08",18
"883","BW","2006-08",29
"884","BY","2006-08",31
"885","HB","2006-08",30
"886","HE","2006-08",25
"887","HH","2006-08",16
"888","MV","2006-08",19
"889","NI","2006-08",30
"890","NW","2006-08",8
"891","RP","2006-08",25
"892","SH","2006-08",19
"893","SL","2006-08",26
"894","SN","2006-08",31
"895","ST","2006-08",30
"896","TH","2006-08",30
"897","BB","2006-09",0
"898","BE","2006-09",0
"899","BW","2006-09",16
"900","BY","2006-09",12
"901","HB","2006-09",0
"902","HE","2006-09",0
"903","HH","2006-09",0
"904","MV","2006-09",0
"905","NI","2006-09",0
"906","NW","2006-09",0
"907","RP","2006-09",0
"908","SH","2006-09",0
"909","SL","2006-09",0
"910","SN","2006-09",1
"911","ST","2006-09",0
"912","TH","2006-09",0
"913","BB","2006-10",14
"914","BE","2006-10",13
"915","BW","2006-10",2
"916","BY","2006-10",2
"917","HB","2006-10",14
"918","HE","2006-10",13
"919","HH","2006-10",14
"920","MV","2006-10",6
"921","NI","2006-10",14
"922","NW","2006-10",13
"923","RP","2006-10",12
"924","SH","2006-10",16
"925","SL","2006-10",14
"926","SN","2006-10",12
"927","ST","2006-10",8
"928","TH","2006-10",9
"929","BB","2006-11",0
"930","BE","2006-11",0
"931","BW","2006-11",3
"932","BY","2006-11",4
"933","HB","2006-11",0
"934","HE","2006-11",0
"935","HH","2006-11",0
"936","MV","2006-11",0
"937","NI","2006-11",0
"938","NW","2006-11",0
"939","RP","2006-11",0
"940","SH","2006-11",0
"941","SL","2006-11",0
"942","SN","2006-11",0
"943","ST","2006-11",0
"944","TH","2006-11",3
"945","BB","2006-12",5
"946","BE","2006-12",5
"947","BW","2006-12",5
"948","BY","2006-12",5
"949","HB","2006-12",9
"950","HE","2006-12",9
"951","HH","2006-12",5
"952","MV","2006-12",5
"953","NI","2006-12",9
"954","NW","2006-12",11
"955","RP","2006-12",10
"956","SH","2006-12",5
"957","SL","2006-12",11
"958","SN","2006-12",10
"959","ST","2006-12",10
"960","TH","2006-12",9
"961","BB","2007-01",5
"962","BE","2007-01",5
"963","BW","2007-01",5
"964","BY","2007-01",5
"965","HB","2007-01",6
"966","HE","2007-01",12
"967","HH","2007-01",6
"968","MV","2007-01",5
"969","NI","2007-01",6
"970","NW","2007-01",5
"971","RP","2007-01",5
"972","SH","2007-01",8
"973","SL","2007-01",6
"974","SN","2007-01",2
"975","ST","2007-01",5
"976","TH","2007-01",5
"977","BB","2007-02",6
"978","BE","2007-02",6
"979","BW","2007-02",0
"980","BY","2007-02",6
"981","HB","2007-02",2
"982","HE","2007-02",0
"983","HH","2007-02",1
"984","MV","2007-02",13
"985","NI","2007-02",2
"986","NW","2007-02",0
"987","RP","2007-02",0
"988","SH","2007-02",0
"989","SL","2007-02",7
"990","SN","2007-02",12
"991","ST","2007-02",10
"992","TH","2007-02",6
"993","BB","2007-03",0
"994","BE","2007-03",0
"995","BW","2007-03",0
"996","BY","2007-03",0
"997","HB","2007-03",6
"998","HE","2007-03",0
"999","HH","2007-03",13
"1000","MV","2007-03",0
"1001","NI","2007-03",6
"1002","NW","2007-03",0
"1003","RP","2007-03",4
"1004","SH","2007-03",0
"1005","SL","2007-03",0
"1006","SN","2007-03",0
"1007","ST","2007-03",1
"1008","TH","2007-03",0
"1009","BB","2007-04",10
"1010","BE","2007-04",13
"1011","BW","2007-04",13
"1012","BY","2007-04",13
"1013","HB","2007-04",10
"1014","HE","2007-04",13
"1015","HH","2007-04",1
"1016","MV","2007-04",10
"1017","NI","2007-04",11
"1018","NW","2007-04",13
"1019","RP","2007-04",13
"1020","SH","2007-04",16
"1021","SL","2007-04",13
"1022","SN","2007-04",9
"1023","ST","2007-04",5
"1024","TH","2007-04",12
"1025","BB","2007-05",0
"1026","BE","2007-05",1
"1027","BW","2007-05",3
"1028","BY","2007-05",3
"1029","HB","2007-05",1
"1030","HE","2007-05",0
"1031","HH","2007-05",5
"1032","MV","2007-05",5
"1033","NI","2007-05",2
"1034","NW","2007-05",1
"1035","RP","2007-05",0
"1036","SH","2007-05",0
"1037","SL","2007-05",0
"1038","SN","2007-05",5
"1039","ST","2007-05",8
"1040","TH","2007-05",4
"1041","BB","2007-06",0
"1042","BE","2007-06",0
"1043","BW","2007-06",9
"1044","BY","2007-06",9
"1045","HB","2007-06",0
"1046","HE","2007-06",0
"1047","HH","2007-06",0
"1048","MV","2007-06",0
"1049","NI","2007-06",0
"1050","NW","2007-06",10
"1051","RP","2007-06",0
"1052","SH","2007-06",0
"1053","SL","2007-06",0
"1054","SN","2007-06",0
"1055","ST","2007-06",0
"1056","TH","2007-06",0
"1057","BB","2007-07",20
"1058","BE","2007-07",20
"1059","BW","2007-07",6
"1060","BY","2007-07",2
"1061","HB","2007-07",13
"1062","HE","2007-07",23
"1063","HH","2007-07",20
"1064","MV","2007-07",16
"1065","NI","2007-07",13
"1066","NW","2007-07",31
"1067","RP","2007-07",23
"1068","SH","2007-07",16
"1069","SL","2007-07",23
"1070","SN","2007-07",9
"1071","ST","2007-07",13
"1072","TH","2007-07",13
"1073","BB","2007-08",25
"1074","BE","2007-08",25
"1075","BW","2007-08",31
"1076","BY","2007-08",31
"1077","HB","2007-08",29
"1078","HE","2007-08",17
"1079","HH","2007-08",22
"1080","MV","2007-08",25
"1081","NI","2007-08",29
"1082","NW","2007-08",3
"1083","RP","2007-08",17
"1084","SH","2007-08",25
"1085","SL","2007-08",18
"1086","SN","2007-08",31
"1087","ST","2007-08",29
"1088","TH","2007-08",29
"1089","BB","2007-09",0
"1090","BE","2007-09",0
"1091","BW","2007-09",8
"1092","BY","2007-09",10
"1093","HB","2007-09",0
"1094","HE","2007-09",0
"1095","HH","2007-09",0
"1096","MV","2007-09",0
"1097","NI","2007-09",0
"1098","NW","2007-09",7
"1099","RP","2007-09",0
"1100","SH","2007-09",0
"1101","SL","2007-09",0
"1102","SN","2007-09",0
"1103","ST","2007-09",0
"1104","TH","2007-09",0
"1105","BB","2007-10",6
"1106","BE","2007-10",6
"1107","BW","2007-10",3
"1108","BY","2007-10",3
"1109","HB","2007-10",10
"1110","HE","2007-10",13
"1111","HH","2007-10",13
"1112","MV","2007-10",6
"1113","NI","2007-10",10
"1114","NW","2007-10",6
"1115","RP","2007-10",12
"1116","SH","2007-10",13
"1117","SL","2007-10",13
"1118","SN","2007-10",12
"1119","ST","2007-10",6
"1120","TH","2007-10",12
"1121","BB","2007-11",0
"1122","BE","2007-11",0
"1123","BW","2007-11",3
"1124","BY","2007-11",3
"1125","HB","2007-11",3
"1126","HE","2007-11",0
"1127","HH","2007-11",0
"1128","MV","2007-11",0
"1129","NI","2007-11",3
"1130","NW","2007-11",0
"1131","RP","2007-11",0
"1132","SH","2007-11",0
"1133","SL","2007-11",0
"1134","SN","2007-11",0
"1135","ST","2007-11",0
"1136","TH","2007-11",0
"1137","BB","2007-12",8
"1138","BE","2007-12",8
"1139","BW","2007-12",8
"1140","BY","2007-12",8
"1141","HB","2007-12",8
"1142","HE","2007-12",9
"1143","HH","2007-12",11
"1144","MV","2007-12",8
"1145","NI","2007-12",8
"1146","NW","2007-12",12
"1147","RP","2007-12",8
"1148","SH","2007-12",8
"1149","SL","2007-12",13
"1150","SN","2007-12",10
"1151","ST","2007-12",11
"1152","TH","2007-12",10
"1153","BB","2008-01",12
"1154","BE","2008-01",12
"1155","BW","2008-01",5
"1156","BY","2008-01",5
"1157","HB","2008-01",6
"1158","HE","2008-01",11
"1159","HH","2008-01",5
"1160","MV","2008-01",4
"1161","NI","2008-01",6
"1162","NW","2008-01",4
"1163","RP","2008-01",8
"1164","SH","2008-01",8
"1165","SL","2008-01",6
"1166","SN","2008-01",2
"1167","ST","2008-01",4
"1168","TH","2008-01",5
"1169","BB","2008-02",1
"1170","BE","2008-02",1
"1171","BW","2008-02",0
"1172","BY","2008-02",6
"1173","HB","2008-02",1
"1174","HE","2008-02",0
"1175","HH","2008-02",1
"1176","MV","2008-02",13
"1177","NI","2008-02",1
"1178","NW","2008-02",0
"1179","RP","2008-02",0
"1180","SH","2008-02",0
"1181","SL","2008-02",6
"1182","SN","2008-02",12
"1183","ST","2008-02",8
"1184","TH","2008-02",6
"1185","BB","2008-03",10
"1186","BE","2008-03",13
"1187","BW","2008-03",12
"1188","BY","2008-03",13
"1189","HB","2008-03",16
"1190","HE","2008-03",7
"1191","HH","2008-03",11
"1192","MV","2008-03",10
"1193","NI","2008-03",17
"1194","NW","2008-03",13
"1195","RP","2008-03",17
"1196","SH","2008-03",12
"1197","SL","2008-03",13
"1198","SN","2008-03",9
"1199","ST","2008-03",4
"1200","TH","2008-03",7
"1201","BB","2008-04",0
"1202","BE","2008-04",0
"1203","BW","2008-04",0
"1204","BY","2008-04",0
"1205","HB","2008-04",0
"1206","HE","2008-04",5
"1207","HH","2008-04",0
"1208","MV","2008-04",0
"1209","NI","2008-04",0
"1210","NW","2008-04",0
"1211","RP","2008-04",0
"1212","SH","2008-04",5
"1213","SL","2008-04",0
"1214","SN","2008-04",0
"1215","ST","2008-04",0
"1216","TH","2008-04",0
"1217","BB","2008-05",5
"1218","BE","2008-05",5
"1219","BW","2008-05",11
"1220","BY","2008-05",12
"1221","HB","2008-05",4
"1222","HE","2008-05",0
"1223","HH","2008-05",6
"1224","MV","2008-05",5
"1225","NI","2008-05",2
"1226","NW","2008-05",1
"1227","RP","2008-05",0
"1228","SH","2008-05",0
"1229","SL","2008-05",0
"1230","SN","2008-05",5
"1231","ST","2008-05",11
"1232","TH","2008-05",4
"1233","BB","2008-06",0
"1234","BE","2008-06",0
"1235","BW","2008-06",0
"1236","BY","2008-06",0
"1237","HB","2008-06",0
"1238","HE","2008-06",8
"1239","HH","2008-06",0
"1240","MV","2008-06",0
"1241","NI","2008-06",0
"1242","NW","2008-06",5
"1243","RP","2008-06",8
"1244","SH","2008-06",0
"1245","SL","2008-06",1
"1246","SN","2008-06",0
"1247","ST","2008-06",0
"1248","TH","2008-06",0
"1249","BB","2008-07",15
"1250","BE","2008-07",16
"1251","BW","2008-07",8
"1252","BY","2008-07",0
"1253","HB","2008-07",22
"1254","HE","2008-07",31
"1255","HH","2008-07",15
"1256","MV","2008-07",11
"1257","NI","2008-07",22
"1258","NW","2008-07",31
"1259","RP","2008-07",31
"1260","SH","2008-07",11
"1261","SL","2008-07",31
"1262","SN","2008-07",18
"1263","ST","2008-07",22
"1264","TH","2008-07",22
"1265","BB","2008-08",30
"1266","BE","2008-08",29
"1267","BW","2008-08",31
"1268","BY","2008-08",28
"1269","HB","2008-08",20
"1270","HE","2008-08",1
"1271","HH","2008-08",27
"1272","MV","2008-08",30
"1273","NI","2008-08",20
"1274","NW","2008-08",8
"1275","RP","2008-08",1
"1276","SH","2008-08",30
"1277","SL","2008-08",9
"1278","SN","2008-08",22
"1279","ST","2008-08",22
"1280","TH","2008-08",20
"1281","BB","2008-09",0
"1282","BE","2008-09",0
"1283","BW","2008-09",6
"1284","BY","2008-09",15
"1285","HB","2008-09",0
"1286","HE","2008-09",0
"1287","HH","2008-09",0
"1288","MV","2008-09",0
"1289","NI","2008-09",0
"1290","NW","2008-09",2
"1291","RP","2008-09",0
"1292","SH","2008-09",0
"1293","SL","2008-09",0
"1294","SN","2008-09",0
"1295","ST","2008-09",0
"1296","TH","2008-09",0
"1297","BB","2008-10",11
"1298","BE","2008-10",12
"1299","BW","2008-10",5
"1300","BY","2008-10",0
"1301","HB","2008-10",13
"1302","HE","2008-10",13
"1303","HH","2008-10",13
"1304","MV","2008-10",5
"1305","NI","2008-10",13
"1306","NW","2008-10",11
"1307","RP","2008-10",12
"1308","SH","2008-10",13
"1309","SL","2008-10",15
"1310","SN","2008-10",11
"1311","ST","2008-10",5
"1312","TH","2008-10",12
"1313","BB","2008-11",0
"1314","BE","2008-11",0
"1315","BW","2008-11",0
"1316","BY","2008-11",5
"1317","HB","2008-11",0
"1318","HE","2008-11",0
"1319","HH","2008-11",0
"1320","MV","2008-11",1
"1321","NI","2008-11",0
"1322","NW","2008-11",0
"1323","RP","2008-11",0
"1324","SH","2008-11",0
"1325","SL","2008-11",0
"1326","SN","2008-11",0
"1327","ST","2008-11",0
"1328","TH","2008-11",0
"1329","BB","2008-12",10
"1330","BE","2008-12",10
"1331","BW","2008-12",10
"1332","BY","2008-12",10
"1333","HB","2008-12",10
"1334","HE","2008-12",10
"1335","HH","2008-12",10
"1336","MV","2008-12",10
"1337","NI","2008-12",10
"1338","NW","2008-12",10
"1339","RP","2008-12",10
"1340","SH","2008-12",10
"1341","SL","2008-12",13
"1342","SN","2008-12",10
"1343","ST","2008-12",10
"1344","TH","2008-12",12
"1345","BB","2009-01",3
"1346","BE","2009-01",3
"1347","BW","2009-01",10
"1348","BY","2009-01",5
"1349","HB","2009-01",6
"1350","HE","2009-01",10
"1351","HH","2009-01",3
"1352","MV","2009-01",3
"1353","NI","2009-01",6
"1354","NW","2009-01",6
"1355","RP","2009-01",7
"1356","SH","2009-01",7
"1357","SL","2009-01",3
"1358","SN","2009-01",2
"1359","ST","2009-01",5
"1360","TH","2009-01",3
"1361","BB","2009-02",6
"1362","BE","2009-02",6
"1363","BW","2009-02",0
"1364","BY","2009-02",6
"1365","HB","2009-02",2
"1366","HE","2009-02",0
"1367","HH","2009-02",0
"1368","MV","2009-02",12
"1369","NI","2009-02",2
"1370","NW","2009-02",0
"1371","RP","2009-02",0
"1372","SH","2009-02",0
"1373","SL","2009-02",6
"1374","SN","2009-02",13
"1375","ST","2009-02",9
"1376","TH","2009-02",6
"1377","BB","2009-03",0
"1378","BE","2009-03",0
"1379","BW","2009-03",0
"1380","BY","2009-03",0
"1381","HB","2009-03",2
"1382","HE","2009-03",0
"1383","HH","2009-03",13
"1384","MV","2009-03",0
"1385","NI","2009-03",2
"1386","NW","2009-03",0
"1387","RP","2009-03",0
"1388","SH","2009-03",0
"1389","SL","2009-03",0
"1390","SN","2009-03",0
"1391","ST","2009-03",0
"1392","TH","2009-03",0
"1393","BB","2009-04",10
"1394","BE","2009-04",13
"1395","BW","2009-04",5
"1396","BY","2009-04",13
"1397","HB","2009-04",14
"1398","HE","2009-04",13
"1399","HH","2009-04",0
"1400","MV","2009-04",9
"1401","NI","2009-04",15
"1402","NW","2009-04",13
"1403","RP","2009-04",17
"1404","SH","2009-04",16
"1405","SL","2009-04",13
"1406","SN","2009-04",10
"1407","ST","2009-04",13
"1408","TH","2009-04",12
"1409","BB","2009-05",1
"1410","BE","2009-05",1
"1411","BW","2009-05",7
"1412","BY","2009-05",0
"1413","HB","2009-05",3
"1414","HE","2009-05",0
"1415","HH","2009-05",6
"1416","MV","2009-05",0
"1417","NI","2009-05",1
"1418","NW","2009-05",0
"1419","RP","2009-05",0
"1420","SH","2009-05",0
"1421","SL","2009-05",0
"1422","SN","2009-05",1
"1423","ST","2009-05",8
"1424","TH","2009-05",0
"1425","BB","2009-06",0
"1426","BE","2009-06",0
"1427","BW","2009-06",6
"1428","BY","2009-06",12
"1429","HB","2009-06",7
"1430","HE","2009-06",0
"1431","HH","2009-06",0
"1432","MV","2009-06",5
"1433","NI","2009-06",7
"1434","NW","2009-06",1
"1435","RP","2009-06",0
"1436","SH","2009-06",0
"1437","SL","2009-06",0
"1438","SN","2009-06",2
"1439","ST","2009-06",6
"1440","TH","2009-06",6
"1441","BB","2009-07",16
"1442","BE","2009-07",17
"1443","BW","2009-07",2
"1444","BY","2009-07",0
"1445","HB","2009-07",31
"1446","HE","2009-07",19
"1447","HH","2009-07",16
"1448","MV","2009-07",12
"1449","NI","2009-07",31
"1450","NW","2009-07",30
"1451","RP","2009-07",19
"1452","SH","2009-07",12
"1453","SL","2009-07",19
"1454","SN","2009-07",31
"1455","ST","2009-07",31
"1456","TH","2009-07",31
"1457","BB","2009-08",29
"1458","BE","2009-08",28
"1459","BW","2009-08",31
"1460","BY","2009-08",29
"1461","HB","2009-08",5
"1462","HE","2009-08",21
"1463","HH","2009-08",26
"1464","MV","2009-08",29
"1465","NI","2009-08",5
"1466","NW","2009-08",14
"1467","RP","2009-08",21
"1468","SH","2009-08",29
"1469","SL","2009-08",22
"1470","SN","2009-08",7
"1471","ST","2009-08",5
"1472","TH","2009-08",5
"1473","BB","2009-09",0
"1474","BE","2009-09",0
"1475","BW","2009-09",12
"1476","BY","2009-09",14
"1477","HB","2009-09",0
"1478","HE","2009-09",0
"1479","HH","2009-09",0
"1480","MV","2009-09",0
"1481","NI","2009-09",0
"1482","NW","2009-09",0
"1483","RP","2009-09",0
"1484","SH","2009-09",0
"1485","SL","2009-09",0
"1486","SN","2009-09",0
"1487","ST","2009-09",0
"1488","TH","2009-09",0
"1489","BB","2009-10",12
"1490","BE","2009-10",12
"1491","BW","2009-10",6
"1492","BY","2009-10",0
"1493","HB","2009-10",13
"1494","HE","2009-10",13
"1495","HH","2009-10",13
"1496","MV","2009-10",5
"1497","NI","2009-10",13
"1498","NW","2009-10",13
"1499","RP","2009-10",12
"1500","SH","2009-10",13
"1501","SL","2009-10",13
"1502","SN","2009-10",13
"1503","ST","2009-10",6
"1504","TH","2009-10",13
"1505","BB","2009-11",0
"1506","BE","2009-11",0
"1507","BW","2009-11",0
"1508","BY","2009-11",6
"1509","HB","2009-11",0
"1510","HE","2009-11",0
"1511","HH","2009-11",0
"1512","MV","2009-11",0
"1513","NI","2009-11",0
"1514","NW","2009-11",0
"1515","RP","2009-11",0
"1516","SH","2009-11",0
"1517","SL","2009-11",0
"1518","SN","2009-11",0
"1519","ST","2009-11",0
"1520","TH","2009-11",0
"1521","BB","2009-12",11
"1522","BE","2009-12",11
"1523","BW","2009-12",9
"1524","BY","2009-12",8
"1525","HB","2009-12",9
"1526","HE","2009-12",11
"1527","HH","2009-12",11
"1528","MV","2009-12",11
"1529","NI","2009-12",9
"1530","NW","2009-12",8
"1531","RP","2009-12",11
"1532","SH","2009-12",11
"1533","SL","2009-12",14
"1534","SN","2009-12",9
"1535","ST","2009-12",11
"1536","TH","2009-12",13
"1537","BB","2010-01",2
"1538","BE","2010-01",2
"1539","BW","2010-01",9
"1540","BY","2010-01",5
"1541","HB","2010-01",6
"1542","HE","2010-01",9
"1543","HH","2010-01",1
"1544","MV","2010-01",2
"1545","NI","2010-01",6
"1546","NW","2010-01",6
"1547","RP","2010-01",5
"1548","SH","2010-01",6
"1549","SL","2010-01",2
"1550","SN","2010-01",2
"1551","ST","2010-01",5
"1552","TH","2010-01",2
"1553","BB","2010-02",6
"1554","BE","2010-02",6
"1555","BW","2010-02",0
"1556","BY","2010-02",6
"1557","HB","2010-02",2
"1558","HE","2010-02",0
"1559","HH","2010-02",0
"1560","MV","2010-02",15
"1561","NI","2010-02",2
"1562","NW","2010-02",0
"1563","RP","2010-02",0
"1564","SH","2010-02",0
"1565","SL","2010-02",6
"1566","SN","2010-02",13
"1567","ST","2010-02",6
"1568","TH","2010-02",6
"1569","BB","2010-03",1
"1570","BE","2010-03",1
"1571","BW","2010-03",0
"1572","BY","2010-03",3
"1573","HB","2010-03",13
"1574","HE","2010-03",3
"1575","HH","2010-03",13
"1576","MV","2010-03",3
"1577","NI","2010-03",13
"1578","NW","2010-03",5
"1579","RP","2010-03",6
"1580","SH","2010-03",0
"1581","SL","2010-03",3
"1582","SN","2010-03",0
"1583","ST","2010-03",3
"1584","TH","2010-03",3
"1585","BB","2010-04",10
"1586","BE","2010-04",10
"1587","BW","2010-04",6
"1588","BY","2010-04",10
"1589","HB","2010-04",6
"1590","HE","2010-04",10
"1591","HH","2010-04",0
"1592","MV","2010-04",7
"1593","NI","2010-04",6
"1594","NW","2010-04",10
"1595","RP","2010-04",9
"1596","SH","2010-04",15
"1597","SL","2010-04",10
"1598","SN","2010-04",10
"1599","ST","2010-04",9
"1600","TH","2010-04",9
"1601","BB","2010-05",1
"1602","BE","2010-05",2
"1603","BW","2010-05",7
"1604","BY","2010-05",7
"1605","HB","2010-05",2
"1606","HE","2010-05",0
"1607","HH","2010-05",9
"1608","MV","2010-05",2
"1609","NI","2010-05",2
"1610","NW","2010-05",1
"1611","RP","2010-05",0
"1612","SH","2010-05",0
"1613","SL","2010-05",0
"1614","SN","2010-05",1
"1615","ST","2010-05",9
"1616","TH","2010-05",0
"1617","BB","2010-06",0
"1618","BE","2010-06",0
"1619","BW","2010-06",5
"1620","BY","2010-06",5
"1621","HB","2010-06",7
"1622","HE","2010-06",0
"1623","HH","2010-06",0
"1624","MV","2010-06",0
"1625","NI","2010-06",7
"1626","NW","2010-06",0
"1627","RP","2010-06",0
"1628","SH","2010-06",0
"1629","SL","2010-06",0
"1630","SN","2010-06",3
"1631","ST","2010-06",7
"1632","TH","2010-06",7
"1633","BB","2010-07",24
"1634","BE","2010-07",25
"1635","BW","2010-07",3
"1636","BY","2010-07",0
"1637","HB","2010-07",31
"1638","HE","2010-07",27
"1639","HH","2010-07",24
"1640","MV","2010-07",20
"1641","NI","2010-07",31
"1642","NW","2010-07",17
"1643","RP","2010-07",27
"1644","SH","2010-07",20
"1645","SL","2010-07",27
"1646","SN","2010-07",31
"1647","ST","2010-07",31
"1648","TH","2010-07",31
"1649","BB","2010-08",21
"1650","BE","2010-08",21
"1651","BW","2010-08",31
"1652","BY","2010-08",30
"1653","HB","2010-08",4
"1654","HE","2010-08",14
"1655","HH","2010-08",18
"1656","MV","2010-08",21
"1657","NI","2010-08",4
"1658","NW","2010-08",27
"1659","RP","2010-08",13
"1660","SH","2010-08",21
"1661","SL","2010-08",14
"1662","SN","2010-08",6
"1663","ST","2010-08",4
"1664","TH","2010-08",4
"1665","BB","2010-09",0
"1666","BE","2010-09",0
"1667","BW","2010-09",11
"1668","BY","2010-09",13
"1669","HB","2010-09",0
"1670","HE","2010-09",0
"1671","HH","2010-09",0
"1672","MV","2010-09",0
"1673","NI","2010-09",0
"1674","NW","2010-09",0
"1675","RP","2010-09",0
"1676","SH","2010-09",0
"1677","SL","2010-09",0
"1678","SN","2010-09",0
"1679","ST","2010-09",0
"1680","TH","2010-09",0
"1681","BB","2010-10",13
"1682","BE","2010-10",13
"1683","BW","2010-10",0
"1684","BY","2010-10",0
"1685","HB","2010-10",15
"1686","HE","2010-10",12
"1687","HH","2010-10",12
"1688","MV","2010-10",6
"1689","NI","2010-10",15
"1690","NW","2010-10",13
"1691","RP","2010-10",12
"1692","SH","2010-10",13
"1693","SL","2010-10",13
"1694","SN","2010-10",13
"1695","ST","2010-10",6
"1696","TH","2010-10",15
"1697","BB","2010-11",0
"1698","BE","2010-11",0
"1699","BW","2010-11",5
"1700","BY","2010-11",4
"1701","HB","2010-11",0
"1702","HE","2010-11",0
"1703","HH","2010-11",0
"1704","MV","2010-11",0
"1705","NI","2010-11",0
"1706","NW","2010-11",0
"1707","RP","2010-11",0
"1708","SH","2010-11",0
"1709","SL","2010-11",0
"1710","SN","2010-11",0
"1711","ST","2010-11",0
"1712","TH","2010-11",0
"1713","BB","2010-12",9
"1714","BE","2010-12",9
"1715","BW","2010-12",9
"1716","BY","2010-12",8
"1717","HB","2010-12",10
"1718","HE","2010-12",12
"1719","HH","2010-12",9
"1720","MV","2010-12",9
"1721","NI","2010-12",10
"1722","NW","2010-12",8
"1723","RP","2010-12",9
"1724","SH","2010-12",9
"1725","SL","2010-12",12
"1726","SN","2010-12",9
"1727","ST","2010-12",10
"1728","TH","2010-12",9
"1729","BB","2011-01",2
"1730","BE","2011-01",2
"1731","BW","2011-01",21
"1732","BY","2011-01",7
"1733","HB","2011-01",6
"1734","HE","2011-01",7
"1735","HH","2011-01",4
"1736","MV","2011-01",0
"1737","NI","2011-01",6
"1738","NW","2011-01",8
"1739","RP","2011-01",7
"1740","SH","2011-01",7
"1741","SL","2011-01",1
"1742","SN","2011-01",1
"1743","ST","2011-01",5
"1744","TH","2011-01",2
"1745","BB","2011-02",5
"1746","BE","2011-02",5
"1747","BW","2011-02",0
"1748","BY","2011-02",0
"1749","HB","2011-02",1
"1750","HE","2011-02",0
"1751","HH","2011-02",0
"1752","MV","2011-02",13
"1753","NI","2011-02",1
"1754","NW","2011-02",0
"1755","RP","2011-02",0
"1756","SH","2011-02",0
"1757","SL","2011-02",0
"1758","SN","2011-02",15
"1759","ST","2011-02",8
"1760","TH","2011-02",5
"1761","BB","2011-03",0
"1762","BE","2011-03",0
"1763","BW","2011-03",0
"1764","BY","2011-03",5
"1765","HB","2011-03",0
"1766","HE","2011-03",0
"1767","HH","2011-03",12
"1768","MV","2011-03",0
"1769","NI","2011-03",0
"1770","NW","2011-03",0
"1771","RP","2011-03",0
"1772","SH","2011-03",0
"1773","SL","2011-03",6
"1774","SN","2011-03",0
"1775","ST","2011-03",0
"1776","TH","2011-03",0
"1777","BB","2011-04",11
"1778","BE","2011-04",13
"1779","BW","2011-04",6
"1780","BY","2011-04",13
"1781","HB","2011-04",15
"1782","HE","2011-04",13
"1783","HH","2011-04",4
"1784","MV","2011-04",12
"1785","NI","2011-04",15
"1786","NW","2011-04",13
"1787","RP","2011-04",12
"1788","SH","2011-04",16
"1789","SL","2011-04",13
"1790","SN","2011-04",9
"1791","ST","2011-04",10
"1792","TH","2011-04",13
"1793","BB","2011-06",2
"1794","BE","2011-06",3
"1795","BW","2011-06",12
"1796","BY","2011-06",12
"1797","HB","2011-06",2
"1798","HE","2011-06",4
"1799","HH","2011-06",2
"1800","MV","2011-06",5
"1801","NI","2011-06",2
"1802","NW","2011-06",0
"1803","RP","2011-06",4
"1804","SH","2011-06",2
"1805","SL","2011-06",7
"1806","SN","2011-06",1
"1807","ST","2011-06",5
"1808","TH","2011-06",4
"1809","BB","2011-07",31
"1810","BE","2011-07",31
"1811","BW","2011-07",4
"1812","BY","2011-07",0
"1813","HB","2011-07",25
"1814","HE","2011-07",31
"1815","HH","2011-07",31
"1816","MV","2011-07",28
"1817","NI","2011-07",25
"1818","NW","2011-07",7
"1819","RP","2011-07",31
"1820","SH","2011-07",28
"1821","SL","2011-07",31
"1822","SN","2011-07",21
"1823","ST","2011-07",21
"1824","TH","2011-07",21
"1825","BB","2011-08",13
"1826","BE","2011-08",12
"1827","BW","2011-08",31
"1828","BY","2011-08",31
"1829","HB","2011-08",17
"1830","HE","2011-08",5
"1831","HH","2011-08",10
"1832","MV","2011-08",13
"1833","NI","2011-08",17
"1834","NW","2011-08",31
"1835","RP","2011-08",5
"1836","SH","2011-08",13
"1837","SL","2011-08",6
"1838","SN","2011-08",19
"1839","ST","2011-08",24
"1840","TH","2011-08",19
"1841","BB","2011-09",0
"1842","BE","2011-09",0
"1843","BW","2011-09",10
"1844","BY","2011-09",12
"1845","HB","2011-09",0
"1846","HE","2011-09",0
"1847","HH","2011-09",0
"1848","MV","2011-09",0
"1849","NI","2011-09",0
"1850","NW","2011-09",6
"1851","RP","2011-09",0
"1852","SH","2011-09",0
"1853","SL","2011-09",0
"1854","SN","2011-09",0
"1855","ST","2011-09",0
"1856","TH","2011-09",0
"1857","BB","2011-10",11
"1858","BE","2011-10",11
"1859","BW","2011-10",1
"1860","BY","2011-10",1
"1861","HB","2011-10",13
"1862","HE","2011-10",13
"1863","HH","2011-10",11
"1864","MV","2011-10",5
"1865","NI","2011-10",13
"1866","NW","2011-10",8
"1867","RP","2011-10",11
"1868","SH","2011-10",13
"1869","SL","2011-10",12
"1870","SN","2011-10",12
"1871","ST","2011-10",6
"1872","TH","2011-10",12
"1873","BB","2011-11",0
"1874","BE","2011-11",0
"1875","BW","2011-11",3
"1876","BY","2011-11",5
"1877","HB","2011-11",0
"1878","HE","2011-11",0
"1879","HH","2011-11",0
"1880","MV","2011-11",0
"1881","NI","2011-11",0
"1882","NW","2011-11",5
"1883","RP","2011-11",0
"1884","SH","2011-11",0
"1885","SL","2011-11",0
"1886","SN","2011-11",0
"1887","ST","2011-11",0
"1888","TH","2011-11",0
"1889","BB","2011-12",9
"1890","BE","2011-12",9
"1891","BW","2011-12",9
"1892","BY","2011-12",5
"1893","HB","2011-12",9
"1894","HE","2011-12",11
"1895","HH","2011-12",5
"1896","MV","2011-12",9
"1897","NI","2011-12",9
"1898","NW","2011-12",9
"1899","RP","2011-12",10
"1900","SH","2011-12",9
"1901","SL","2011-12",9
"1902","SN","2011-12",9
"1903","ST","2011-12",10
"1904","TH","2011-12",9
"1905","BB","2012-01",5
"1906","BE","2012-01",5
"1907","BW","2012-01",5
"1908","BY","2012-01",5
"1909","HB","2012-01",6
"1910","HE","2012-01",6
"1911","HH","2012-01",7
"1912","MV","2012-01",3
"1913","NI","2012-01",6
"1914","NW","2012-01",6
"1915","RP","2012-01",6
"1916","SH","2012-01",6
"1917","SL","2012-01",4
"1918","SN","2012-01",2
"1919","ST","2012-01",7
"1920","TH","2012-01",1
"1921","BB","2012-02",4
"1922","BE","2012-02",4
"1923","BW","2012-02",0
"1924","BY","2012-02",5
"1925","HB","2012-02",0
"1926","HE","2012-02",0
"1927","HH","2012-02",0
"1928","MV","2012-02",12
"1929","NI","2012-02",0
"1930","NW","2012-02",0
"1931","RP","2012-02",0
"1932","SH","2012-02",0
"1933","SL","2012-02",6
"1934","SN","2012-02",13
"1935","ST","2012-02",8
"1936","TH","2012-02",6
"1937","BB","2012-03",0
"1938","BE","2012-03",0
"1939","BW","2012-03",0
"1940","BY","2012-03",0
"1941","HB","2012-03",6
"1942","HE","2012-03",0
"1943","HH","2012-03",12
"1944","MV","2012-03",0
"1945","NI","2012-03",6
"1946","NW","2012-03",0
"1947","RP","2012-03",3
"1948","SH","2012-03",2
"1949","SL","2012-03",0
"1950","SN","2012-03",0
"1951","ST","2012-03",0
"1952","TH","2012-03",0
"1953","BB","2012-04",12
"1954","BE","2012-04",14
"1955","BW","2012-04",12
"1956","BY","2012-04",13
"1957","HB","2012-04",12
"1958","HE","2012-04",13
"1959","HH","2012-04",1
"1960","MV","2012-04",10
"1961","NI","2012-04",12
"1962","NW","2012-04",13
"1963","RP","2012-04",13
"1964","SH","2012-04",13
"1965","SL","2012-04",13
"1966","SN","2012-04",9
"1967","ST","2012-04",6
"1968","TH","2012-04",12
"1969","BB","2012-05",1
"1970","BE","2012-05",1
"1971","BW","2012-05",3
"1972","BY","2012-05",3
"1973","HB","2012-05",2
"1974","HE","2012-05",0
"1975","HH","2012-05",5
"1976","MV","2012-05",5
"1977","NI","2012-05",2
"1978","NW","2012-05",1
"1979","RP","2012-05",0
"1980","SH","2012-05",1
"1981","SL","2012-05",0
"1982","SN","2012-05",1
"1983","ST","2012-05",8
"1984","TH","2012-05",5
"1985","BB","2012-06",10
"1986","BE","2012-06",11
"1987","BW","2012-06",9
"1988","BY","2012-06",9
"1989","HB","2012-06",0
"1990","HE","2012-06",0
"1991","HH","2012-06",10
"1992","MV","2012-06",8
"1993","NI","2012-06",0
"1994","NW","2012-06",0
"1995","RP","2012-06",0
"1996","SH","2012-06",6
"1997","SL","2012-06",0
"1998","SN","2012-06",0
"1999","ST","2012-06",0
"2000","TH","2012-06",0
"2001","BB","2012-07",31
"2002","BE","2012-07",31
"2003","BW","2012-07",6
"2004","BY","2012-07",0
"2005","HB","2012-07",9
"2006","HE","2012-07",30
"2007","HH","2012-07",31
"2008","MV","2012-07",31
"2009","NI","2012-07",9
"2010","NW","2012-07",23
"2011","RP","2012-07",30
"2012","SH","2012-07",31
"2013","SL","2012-07",30
"2014","SN","2012-07",9
"2015","ST","2012-07",9
"2016","TH","2012-07",9
"2017","BB","2012-08",3
"2018","BE","2012-08",3
"2019","BW","2012-08",31
"2020","BY","2012-08",31
"2021","HB","2012-08",31
"2022","HE","2012-08",10
"2023","HH","2012-08",1
"2024","MV","2012-08",4
"2025","NI","2012-08",31
"2026","NW","2012-08",21
"2027","RP","2012-08",10
"2028","SH","2012-08",4
"2029","SL","2012-08",14
"2030","SN","2012-08",31
"2031","ST","2012-08",31
"2032","TH","2012-08",31
"2033","BB","2012-09",0
"2034","BE","2012-09",0
"2035","BW","2012-09",8
"2036","BY","2012-09",12
"2037","HB","2012-09",0
"2038","HE","2012-09",0
"2039","HH","2012-09",0
"2040","MV","2012-09",0
"2041","NI","2012-09",0
"2042","NW","2012-09",0
"2043","RP","2012-09",0
"2044","SH","2012-09",0
"2045","SL","2012-09",0
"2046","SN","2012-09",0
"2047","ST","2012-09",5
"2048","TH","2012-09",0
"2049","BB","2012-10",13
"2050","BE","2012-10",13
"2051","BW","2012-10",3
"2052","BY","2012-10",3
"2053","HB","2012-10",10
"2054","HE","2012-10",13
"2055","HH","2012-10",12
"2056","MV","2012-10",5
"2057","NI","2012-10",10
"2058","NW","2012-10",13
"2059","RP","2012-10",12
"2060","SH","2012-10",16
"2061","SL","2012-10",10
"2062","SN","2012-10",10
"2063","ST","2012-10",3
"2064","TH","2012-10",10
"2065","BB","2012-11",0
"2066","BE","2012-11",0
"2067","BW","2012-11",2
"2068","BY","2012-11",3
"2069","HB","2012-11",3
"2070","HE","2012-11",0
"2071","HH","2012-11",0
"2072","MV","2012-11",0
"2073","NI","2012-11",3
"2074","NW","2012-11",0
"2075","RP","2012-11",0
"2076","SH","2012-11",0
"2077","SL","2012-11",3
"2078","SN","2012-11",2
"2079","ST","2012-11",2
"2080","TH","2012-11",3
"2081","BB","2012-12",8
"2082","BE","2012-12",8
"2083","BW","2012-12",8
"2084","BY","2012-12",8
"2085","HB","2012-12",8
"2086","HE","2012-12",8
"2087","HH","2012-12",11
"2088","MV","2012-12",11
"2089","NI","2012-12",8
"2090","NW","2012-12",11
"2091","RP","2012-12",12
"2092","SH","2012-12",8
"2093","SL","2012-12",8
"2094","SN","2012-12",10
"2095","ST","2012-12",13
"2096","TH","2012-12",8
"2097","BB","2013-01",4
"2098","BE","2013-01",4
"2099","BW","2013-01",5
"2100","BY","2013-01",5
"2101","HB","2013-01",6
"2102","HE","2013-01",12
"2103","HH","2013-01",4
"2104","MV","2013-01",4
"2105","NI","2013-01",6
"2106","NW","2013-01",4
"2107","RP","2013-01",4
"2108","SH","2013-01",5
"2109","SL","2013-01",5
"2110","SN","2013-01",2
"2111","ST","2013-01",4
"2112","TH","2013-01",5
"2113","BB","2013-02",6
"2114","BE","2013-02",6
"2115","BW","2013-02",0
"2116","BY","2013-02",5
"2117","HB","2013-02",1
"2118","HE","2013-02",0
"2119","HH","2013-02",1
"2120","MV","2013-02",12
"2121","NI","2013-02",1
"2122","NW","2013-02",0
"2123","RP","2013-02",0
"2124","SH","2013-02",0
"2125","SL","2013-02",6
"2126","SN","2013-02",12
"2127","ST","2013-02",8
"2128","TH","2013-02",6
"2129","BB","2013-03",5
"2130","BE","2013-03",7
"2131","BW","2013-03",7
"2132","BY","2013-03",7
"2133","HB","2013-03",16
"2134","HE","2013-03",7
"2135","HH","2013-03",12
"2136","MV","2013-03",7
"2137","NI","2013-03",16
"2138","NW","2013-03",7
"2139","RP","2013-03",12
"2140","SH","2013-03",7
"2141","SL","2013-03",7
"2142","SN","2013-03",3
"2143","ST","2013-03",6
"2144","TH","2013-03",7
"2145","BB","2013-04",6
"2146","BE","2013-04",6
"2147","BW","2013-04",5
"2148","BY","2013-04",6
"2149","HB","2013-04",2
"2150","HE","2013-04",6
"2151","HH","2013-04",0
"2152","MV","2013-04",3
"2153","NI","2013-04",2
"2154","NW","2013-04",6
"2155","RP","2013-04",5
"2156","SH","2013-04",9
"2157","SL","2013-04",6
"2158","SN","2013-04",6
"2159","ST","2013-04",0
"2160","TH","2013-04",6
"2161","BB","2013-05",1
"2162","BE","2013-05",2
"2163","BW","2013-05",11
"2164","BY","2013-05",11
"2165","HB","2013-05",2
"2166","HE","2013-05",0
"2167","HH","2013-05",9
"2168","MV","2013-05",5
"2169","NI","2013-05",2
"2170","NW","2013-05",1
"2171","RP","2013-05",0
"2172","SH","2013-05",1
"2173","SL","2013-05",0
"2174","SN","2013-05",6
"2175","ST","2013-05",9
"2176","TH","2013-05",1
"2177","BB","2013-06",11
"2178","BE","2013-06",12
"2179","BW","2013-06",1
"2180","BY","2013-06",0
"2181","HB","2013-06",4
"2182","HE","2013-06",0
"2183","HH","2013-06",11
"2184","MV","2013-06",9
"2185","NI","2013-06",4
"2186","NW","2013-06",0
"2187","RP","2013-06",0
"2188","SH","2013-06",7
"2189","SL","2013-06",0
"2190","SN","2013-06",0
"2191","ST","2013-06",0
"2192","TH","2013-06",0
"2193","BB","2013-07",31
"2194","BE","2013-07",31
"2195","BW","2013-07",7
"2196","BY","2013-07",1
"2197","HB","2013-07",31
"2198","HE","2013-07",24
"2199","HH","2013-07",31
"2200","MV","2013-07",31
"2201","NI","2013-07",31
"2202","NW","2013-07",10
"2203","RP","2013-07",24
"2204","SH","2013-07",31
"2205","SL","2013-07",24
"2206","SN","2013-07",17
"2207","ST","2013-07",17
"2208","TH","2013-07",17
"2209","BB","2013-08",2
"2210","BE","2013-08",2
"2211","BW","2013-08",31
"2212","BY","2013-08",31
"2213","HB","2013-08",7
"2214","HE","2013-08",16
"2215","HH","2013-08",0
"2216","MV","2013-08",3
"2217","NI","2013-08",7
"2218","NW","2013-08",31
"2219","RP","2013-08",16
"2220","SH","2013-08",3
"2221","SL","2013-08",17
"2222","SN","2013-08",23
"2223","ST","2013-08",28
"2224","TH","2013-08",23
"2225","BB","2013-09",1
"2226","BE","2013-09",1
"2227","BW","2013-09",7
"2228","BY","2013-09",11
"2229","HB","2013-09",0
"2230","HE","2013-09",0
"2231","HH","2013-09",1
"2232","MV","2013-09",0
"2233","NI","2013-09",0
"2234","NW","2013-09",3
"2235","RP","2013-09",0
"2236","SH","2013-09",0
"2237","SL","2013-09",0
"2238","SN","2013-09",0
"2239","ST","2013-09",0
"2240","TH","2013-09",0
"2241","BB","2013-10",12
"2242","BE","2013-10",12
"2243","BW","2013-10",3
"2244","BY","2013-10",4
"2245","HB","2013-10",15
"2246","HE","2013-10",13
"2247","HH","2013-10",11
"2248","MV","2013-10",6
"2249","NI","2013-10",15
"2250","NW","2013-10",11
"2251","RP","2013-10",15
"2252","SH","2013-10",15
"2253","SL","2013-10",11
"2254","SN","2013-10",11
"2255","ST","2013-10",5
"2256","TH","2013-10",11
"2257","BB","2013-11",1
"2258","BE","2013-11",0
"2259","BW","2013-11",0
"2260","BY","2013-11",0
"2261","HB","2013-11",0
"2262","HE","2013-11",0
"2263","HH","2013-11",0
"2264","MV","2013-11",0
"2265","NI","2013-11",0
"2266","NW","2013-11",2
"2267","RP","2013-11",0
"2268","SH","2013-11",0
"2269","SL","2013-11",2
"2270","SN","2013-11",1
"2271","ST","2013-11",0
"2272","TH","2013-11",2
"2273","BB","2013-12",9
"2274","BE","2013-12",9
"2275","BW","2013-12",9
"2276","BY","2013-12",9
"2277","HB","2013-12",9
"2278","HE","2013-12",9
"2279","HH","2013-12",13
"2280","MV","2013-12",9
"2281","NI","2013-12",9
"2282","NW","2013-12",9
"2283","RP","2013-12",9
"2284","SH","2013-12",9
"2285","SL","2013-12",12
"2286","SN","2013-12",11
"2287","ST","2013-12",11
"2288","TH","2013-12",9
"2289","BB","2014-01",3
"2290","BE","2014-01",3
"2291","BW","2014-01",4
"2292","BY","2014-01",4
"2293","HB","2014-01",5
"2294","HE","2014-01",11
"2295","HH","2014-01",4
"2296","MV","2014-01",3
"2297","NI","2014-01",5
"2298","NW","2014-01",7
"2299","RP","2014-01",7
"2300","SH","2014-01",6
"2301","SL","2014-01",4
"2302","SN","2014-01",3
"2303","ST","2014-01",3
"2304","TH","2014-01",4
"2305","BB","2014-02",6
"2306","BE","2014-02",6
"2307","BW","2014-02",0
"2308","BY","2014-02",0
"2309","HB","2014-02",0
"2310","HE","2014-02",0
"2311","HH","2014-02",0
"2312","MV","2014-02",13
"2313","NI","2014-02",0
"2314","NW","2014-02",0
"2315","RP","2014-02",0
"2316","SH","2014-02",0
"2317","SL","2014-02",0
"2318","SN","2014-02",12
"2319","ST","2014-02",12
"2320","TH","2014-02",6
"2321","BB","2014-03",0
"2322","BE","2014-03",0
"2323","BW","2014-03",0
"2324","BY","2014-03",5
"2325","HB","2014-03",0
"2326","HE","2014-03",0
"2327","HH","2014-03",12
"2328","MV","2014-03",0
"2329","NI","2014-03",0
"2330","NW","2014-03",0
"2331","RP","2014-03",0
"2332","SH","2014-03",0
"2333","SL","2014-03",6
"2334","SN","2014-03",1
"2335","ST","2014-03",0
"2336","TH","2014-03",0
"2337","BB","2014-04",11
"2338","BE","2014-04",13
"2339","BW","2014-04",12
"2340","BY","2014-04",13
"2341","HB","2014-04",20
"2342","HE","2014-04",13
"2343","HH","2014-04",3
"2344","MV","2014-04",10
"2345","NI","2014-04",20
"2346","NW","2014-04",13
"2347","RP","2014-04",15
"2348","SH","2014-04",15
"2349","SL","2014-04",13
"2350","SN","2014-04",9
"2351","ST","2014-04",4
"2352","TH","2014-04",12
"2353","BB","2014-05",2
"2354","BE","2014-05",2
"2355","BW","2014-05",0
"2356","BY","2014-05",0
"2357","HB","2014-05",2
"2358","HE","2014-05",0
"2359","HH","2014-05",3
"2360","MV","2014-05",0
"2361","NI","2014-05",2
"2362","NW","2014-05",0
"2363","RP","2014-05",0
"2364","SH","2014-05",3
"2365","SL","2014-05",0
"2366","SN","2014-05",1
"2367","ST","2014-05",2
"2368","TH","2014-05",3
"2369","BB","2014-06",0
"2370","BE","2014-06",0
"2371","BW","2014-06",12
"2372","BY","2014-06",12
"2373","HB","2014-06",1
"2374","HE","2014-06",0
"2375","HH","2014-06",0
"2376","MV","2014-06",5
"2377","NI","2014-06",1
"2378","NW","2014-06",1
"2379","RP","2014-06",0
"2380","SH","2014-06",0
"2381","SL","2014-06",0
"2382","SN","2014-06",0
"2383","ST","2014-06",7
"2384","TH","2014-06",0
"2385","BB","2014-07",22
"2386","BE","2014-07",23
"2387","BW","2014-07",1
"2388","BY","2014-07",2
"2389","HB","2014-07",1
"2390","HE","2014-07",4
"2391","HH","2014-07",22
"2392","MV","2014-07",18
"2393","NI","2014-07",1
"2394","NW","2014-07",25
"2395","RP","2014-07",4
"2396","SH","2014-07",18
"2397","SL","2014-07",4
"2398","SN","2014-07",11
"2399","ST","2014-07",11
"2400","TH","2014-07",11
"2401","BB","2014-08",22
"2402","BE","2014-08",22
"2403","BW","2014-08",31
"2404","BY","2014-08",31
"2405","HB","2014-08",31
"2406","HE","2014-08",31
"2407","HH","2014-08",20
"2408","MV","2014-08",23
"2409","NI","2014-08",31
"2410","NW","2014-08",19
"2411","RP","2014-08",31
"2412","SH","2014-08",23
"2413","SL","2014-08",31
"2414","SN","2014-08",29
"2415","ST","2014-08",31
"2416","TH","2014-08",29
"2417","BB","2014-09",0
"2418","BE","2014-09",0
"2419","BW","2014-09",13
"2420","BY","2014-09",15
"2421","HB","2014-09",10
"2422","HE","2014-09",5
"2423","HH","2014-09",0
"2424","MV","2014-09",0
"2425","NI","2014-09",10
"2426","NW","2014-09",0
"2427","RP","2014-09",5
"2428","SH","2014-09",0
"2429","SL","2014-09",6
"2430","SN","2014-09",0
"2431","ST","2014-09",3
"2432","TH","2014-09",0
"2433","BB","2014-10",12
"2434","BE","2014-10",12
"2435","BW","2014-10",5
"2436","BY","2014-10",5
"2437","HB","2014-10",5
"2438","HE","2014-10",12
"2439","HH","2014-10",12
"2440","MV","2014-10",6
"2441","NI","2014-10",5
"2442","NW","2014-10",13
"2443","RP","2014-10",12
"2444","SH","2014-10",13
"2445","SL","2014-10",12
"2446","SN","2014-10",12
"2447","ST","2014-10",4
"2448","TH","2014-10",13
"2449","BB","2014-11",1
"2450","BE","2014-11",1
"2451","BW","2014-11",0
"2452","BY","2014-11",1
"2453","HB","2014-11",8
"2454","HE","2014-11",1
"2455","HH","2014-11",0
"2456","MV","2014-11",0
"2457","NI","2014-11",8
"2458","NW","2014-11",0
"2459","RP","2014-11",0
"2460","SH","2014-11",0
"2461","SL","2014-11",0
"2462","SN","2014-11",0
"2463","ST","2014-11",0
"2464","TH","2014-11",0
"2465","BB","2014-12",10
"2466","BE","2014-12",10
"2467","BW","2014-12",10
"2468","BY","2014-12",8
"2469","HB","2014-12",10
"2470","HE","2014-12",10
"2471","HH","2014-12",10
"2472","MV","2014-12",10
"2473","NI","2014-12",10
"2474","NW","2014-12",10
"2475","RP","2014-12",10
"2476","SH","2014-12",10
"2477","SL","2014-12",10
"2478","SN","2014-12",10
"2479","ST","2014-12",10
"2480","TH","2014-12",10
"2481","BB","2015-01",2
"2482","BE","2015-01",2
"2483","BW","2015-01",5
"2484","BY","2015-01",5
"2485","HB","2015-01",5
"2486","HE","2015-01",10
"2487","HH","2015-01",7
"2488","MV","2015-01",2
"2489","NI","2015-01",5
"2490","NW","2015-01",6
"2491","RP","2015-01",7
"2492","SH","2015-01",6
"2493","SL","2015-01",7
"2494","SN","2015-01",3
"2495","ST","2015-01",5
"2496","TH","2015-01",3
"2497","BB","2015-02",6
"2498","BE","2015-02",6
"2499","BW","2015-02",0
"2500","BY","2015-02",5
"2501","HB","2015-02",2
"2502","HE","2015-02",0
"2503","HH","2015-02",0
"2504","MV","2015-02",13
"2505","NI","2015-02",2
"2506","NW","2015-02",0
"2507","RP","2015-02",0
"2508","SH","2015-02",0
"2509","SL","2015-02",6
"2510","SN","2015-02",13
"2511","ST","2015-02",13
"2512","TH","2015-02",6
"2513","BB","2015-03",0
"2514","BE","2015-03",2
"2515","BW","2015-03",2
"2516","BY","2015-03",2
"2517","HB","2015-03",7
"2518","HE","2015-03",2
"2519","HH","2015-03",12
"2520","MV","2015-03",2
"2521","NI","2015-03",7
"2522","NW","2015-03",2
"2523","RP","2015-03",6
"2524","SH","2015-03",0
"2525","SL","2015-03",2
"2526","SN","2015-03",0
"2527","ST","2015-03",0
"2528","TH","2015-03",2
"2529","BB","2015-04",11
"2530","BE","2015-04",11
"2531","BW","2015-04",10
"2532","BY","2015-04",11
"2533","HB","2015-04",10
"2534","HE","2015-04",11
"2535","HH","2015-04",0
"2536","MV","2015-04",8
"2537","NI","2015-04",10
"2538","NW","2015-04",11
"2539","RP","2015-04",10
"2540","SH","2015-04",17
"2541","SL","2015-04",11
"2542","SN","2015-04",10
"2543","ST","2015-04",1
"2544","TH","2015-04",11
"2545","BB","2015-05",1
"2546","BE","2015-05",2
"2547","BW","2015-05",6
"2548","BY","2015-05",6
"2549","HB","2015-05",2
"2550","HE","2015-05",0
"2551","HH","2015-05",5
"2552","MV","2015-05",5
"2553","NI","2015-05",2
"2554","NW","2015-05",1
"2555","RP","2015-05",0
"2556","SH","2015-05",1
"2557","SL","2015-05",0
"2558","SN","2015-05",1
"2559","ST","2015-05",9
"2560","TH","2015-05",1
"2561","BB","2015-06",0
"2562","BE","2015-06",0
"2563","BW","2015-06",6
"2564","BY","2015-06",5
"2565","HB","2015-06",0
"2566","HE","2015-06",0
"2567","HH","2015-06",0
"2568","MV","2015-06",0
"2569","NI","2015-06",0
"2570","NW","2015-06",2
"2571","RP","2015-06",0
"2572","SH","2015-06",0
"2573","SL","2015-06",0
"2574","SN","2015-06",0
"2575","ST","2015-06",0
"2576","TH","2015-06",0
"2577","BB","2015-07",16
"2578","BE","2015-07",16
"2579","BW","2015-07",2
"2580","BY","2015-07",0
"2581","HB","2015-07",9
"2582","HE","2015-07",5
"2583","HH","2015-07",16
"2584","MV","2015-07",12
"2585","NI","2015-07",9
"2586","NW","2015-07",31
"2587","RP","2015-07",5
"2588","SH","2015-07",12
"2589","SL","2015-07",5
"2590","SN","2015-07",19
"2591","ST","2015-07",19
"2592","TH","2015-07",19
"2593","BB","2015-08",28
"2594","BE","2015-08",28
"2595","BW","2015-08",31
"2596","BY","2015-08",31
"2597","HB","2015-08",31
"2598","HE","2015-08",31
"2599","HH","2015-08",26
"2600","MV","2015-08",29
"2601","NI","2015-08",31
"2602","NW","2015-08",11
"2603","RP","2015-08",31
"2604","SH","2015-08",29
"2605","SL","2015-08",31
"2606","SN","2015-08",21
"2607","ST","2015-08",26
"2608","TH","2015-08",21
"2609","BB","2015-09",0
"2610","BE","2015-09",0
"2611","BW","2015-09",12
"2612","BY","2015-09",14
"2613","HB","2015-09",2
"2614","HE","2015-09",4
"2615","HH","2015-09",0
"2616","MV","2015-09",0
"2617","NI","2015-09",2
"2618","NW","2015-09",0
"2619","RP","2015-09",4
"2620","SH","2015-09",0
"2621","SL","2015-09",5
"2622","SN","2015-09",0
"2623","ST","2015-09",0
"2624","TH","2015-09",0
"2625","BB","2015-10",12
"2626","BE","2015-10",13
"2627","BW","2015-10",1
"2628","BY","2015-10",0
"2629","HB","2015-10",13
"2630","HE","2015-10",13
"2631","HH","2015-10",12
"2632","MV","2015-10",7
"2633","NI","2015-10",13
"2634","NW","2015-10",13
"2635","RP","2015-10",12
"2636","SH","2015-10",13
"2637","SL","2015-10",13
"2638","SN","2015-10",13
"2639","ST","2015-10",8
"2640","TH","2015-10",13
"2641","BB","2015-11",0
"2642","BE","2015-11",0
"2643","BW","2015-11",5
"2644","BY","2015-11",7
"2645","HB","2015-11",0
"2646","HE","2015-11",0
"2647","HH","2015-11",0
"2648","MV","2015-11",0
"2649","NI","2015-11",0
"2650","NW","2015-11",0
"2651","RP","2015-11",0
"2652","SH","2015-11",0
"2653","SL","2015-11",0
"2654","SN","2015-11",0
"2655","ST","2015-11",0
"2656","TH","2015-11",0
"2657","BB","2015-12",9
"2658","BE","2015-12",9
"2659","BW","2015-12",9
"2660","BY","2015-12",8
"2661","HB","2015-12",9
"2662","HE","2015-12",9
"2663","HH","2015-12",11
"2664","MV","2015-12",11
"2665","NI","2015-12",9
"2666","NW","2015-12",9
"2667","RP","2015-12",9
"2668","SH","2015-12",11
"2669","SL","2015-12",11
"2670","SN","2015-12",11
"2671","ST","2015-12",11
"2672","TH","2015-12",9
"2673","BB","2016-01",2
"2674","BE","2016-01",2
"2675","BW","2016-01",9
"2676","BY","2016-01",5
"2677","HB","2016-01",8
"2678","HE","2016-01",9
"2679","HH","2016-01",2
"2680","MV","2016-01",2
"2681","NI","2016-01",8
"2682","NW","2016-01",6
"2683","RP","2016-01",8
"2684","SH","2016-01",6
"2685","SL","2016-01",2
"2686","SN","2016-01",2
"2687","ST","2016-01",5
"2688","TH","2016-01",2
"2689","BB","2016-02",6
"2690","BE","2016-02",6
"2691","BW","2016-02",0
"2692","BY","2016-02",5
"2693","HB","2016-02",0
"2694","HE","2016-02",0
"2695","HH","2016-02",0
"2696","MV","2016-02",13
"2697","NI","2016-02",0
"2698","NW","2016-02",0
"2699","RP","2016-02",0
"2700","SH","2016-02",0
"2701","SL","2016-02",6
"2702","SN","2016-02",13
"2703","ST","2016-02",10
"2704","TH","2016-02",6
"2705","BB","2016-03",9
"2706","BE","2016-03",11
"2707","BW","2016-03",3
"2708","BY","2016-03",11
"2709","HB","2016-03",14
"2710","HE","2016-03",3
"2711","HH","2016-03",12
"2712","MV","2016-03",10
"2713","NI","2016-03",14
"2714","NW","2016-03",11
"2715","RP","2016-03",14
"2716","SH","2016-03",8
"2717","SL","2016-03",3
"2718","SN","2016-03",7
"2719","ST","2016-03",1
"2720","TH","2016-03",8
"2721","BB","2016-04",2
"2722","BE","2016-04",2
"2723","BW","2016-04",2
"2724","BY","2016-04",1
"2725","HB","2016-04",2
"2726","HE","2016-04",9
"2727","HH","2016-04",0
"2728","MV","2016-04",0
"2729","NI","2016-04",2
"2730","NW","2016-04",2
"2731","RP","2016-04",1
"2732","SH","2016-04",9
"2733","SL","2016-04",9
"2734","SN","2016-04",2
"2735","ST","2016-04",0
"2736","TH","2016-04",2
"2737","BB","2016-05",1
"2738","BE","2016-05",3
"2739","BW","2016-05",12
"2740","BY","2016-05",12
"2741","HB","2016-05",2
"2742","HE","2016-05",0
"2743","HH","2016-05",5
"2744","MV","2016-05",4
"2745","NI","2016-05",2
"2746","NW","2016-05",1
"2747","RP","2016-05",0
"2748","SH","2016-05",1
"2749","SL","2016-05",0
"2750","SN","2016-05",1
"2751","ST","2016-05",9
"2752","TH","2016-05",1
"2753","BB","2016-06",0
"2754","BE","2016-06",0
"2755","BW","2016-06",0
"2756","BY","2016-06",0
"2757","HB","2016-06",8
"2758","HE","2016-06",0
"2759","HH","2016-06",0
"2760","MV","2016-06",0
"2761","NI","2016-06",8
"2762","NW","2016-06",0
"2763","RP","2016-06",0
"2764","SH","2016-06",0
"2765","SL","2016-06",0
"2766","SN","2016-06",4
"2767","ST","2016-06",4
"2768","TH","2016-06",4
"2769","BB","2016-07",11
"2770","BE","2016-07",11
"2771","BW","2016-07",4
"2772","BY","2016-07",2
"2773","HB","2016-07",31
"2774","HE","2016-07",14
"2775","HH","2016-07",11
"2776","MV","2016-07",7
"2777","NI","2016-07",31
"2778","NW","2016-07",21
"2779","RP","2016-07",14
"2780","SH","2016-07",7
"2781","SL","2016-07",14
"2782","SN","2016-07",31
"2783","ST","2016-07",31
"2784","TH","2016-07",31
"2785","BB","2016-08",31
"2786","BE","2016-08",31
"2787","BW","2016-08",31
"2788","BY","2016-08",31
"2789","HB","2016-08",3
"2790","HE","2016-08",26
"2791","HH","2016-08",31
"2792","MV","2016-08",31
"2793","NI","2016-08",3
"2794","NW","2016-08",23
"2795","RP","2016-08",26
"2796","SH","2016-08",31
"2797","SL","2016-08",27
"2798","SN","2016-08",5
"2799","ST","2016-08",10
"2800","TH","2016-08",10
"2801","BB","2016-09",3
"2802","BE","2016-09",2
"2803","BW","2016-09",10
"2804","BY","2016-09",12
"2805","HB","2016-09",0
"2806","HE","2016-09",0
"2807","HH","2016-09",0
"2808","MV","2016-09",3
"2809","NI","2016-09",0
"2810","NW","2016-09",0
"2811","RP","2016-09",0
"2812","SH","2016-09",3
"2813","SL","2016-09",0
"2814","SN","2016-09",0
"2815","ST","2016-09",0
"2816","TH","2016-09",0
"2817","BB","2016-10",12
"2818","BE","2016-10",12
"2819","BW","2016-10",0
"2820","BY","2016-10",1
"2821","HB","2016-10",12
"2822","HE","2016-10",13
"2823","HH","2016-10",12
"2824","MV","2016-10",5
"2825","NI","2016-10",12
"2826","NW","2016-10",12
"2827","RP","2016-10",12
"2828","SH","2016-10",13
"2829","SL","2016-10",13
"2830","SN","2016-10",13
"2831","ST","2016-10",12
"2832","TH","2016-10",13
"2833","BB","2016-11",0
"2834","BE","2016-11",0
"2835","BW","2016-11",3
"2836","BY","2016-11",5
"2837","HB","2016-11",0
"2838","HE","2016-11",0
"2839","HH","2016-11",0
"2840","MV","2016-11",0
"2841","NI","2016-11",0
"2842","NW","2016-11",0
"2843","RP","2016-11",0
"2844","SH","2016-11",0
"2845","SL","2016-11",0
"2846","SN","2016-11",0
"2847","ST","2016-11",0
"2848","TH","2016-11",0
"2849","BB","2016-12",9
"2850","BE","2016-12",9
"2851","BW","2016-12",9
"2852","BY","2016-12",8
"2853","HB","2016-12",11
"2854","HE","2016-12",10
"2855","HH","2016-12",5
"2856","MV","2016-12",10
"2857","NI","2016-12",11
"2858","NW","2016-12",9
"2859","RP","2016-12",10
"2860","SH","2016-12",9
"2861","SL","2016-12",13
"2862","SN","2016-12",9
"2863","ST","2016-12",13
"2864","TH","2016-12",9
"2865","BB","2017-01",5
"2866","BE","2017-01",5
"2867","BW","2017-01",7
"2868","BY","2017-01",5
"2869","HB","2017-01",8
"2870","HE","2017-01",7
"2871","HH","2017-01",7
"2872","MV","2017-01",2
"2873","NI","2017-01",8
"2874","NW","2017-01",6
"2875","RP","2017-01",6
"2876","SH","2017-01",6
"2877","SL","2017-01",0
"2878","SN","2017-01",2
"2879","ST","2017-01",2
"2880","TH","2017-01",0
"2881","BB","2017-02",4
"2882","BE","2017-02",3
"2883","BW","2017-02",0
"2884","BY","2017-02",2
"2885","HB","2017-02",0
"2886","HE","2017-02",0
"2887","HH","2017-02",0
"2888","MV","2017-02",13
"2889","NI","2017-02",0
"2890","NW","2017-02",0
"2891","RP","2017-02",0
"2892","SH","2017-02",0
"2893","SL","2017-02",2
"2894","SN","2017-02",12
"2895","ST","2017-02",8
"2896","TH","2017-02",6
"2897","BB","2017-03",0
"2898","BE","2017-03",0
"2899","BW","2017-03",0
"2900","BY","2017-03",3
"2901","HB","2017-03",0
"2902","HE","2017-03",0
"2903","HH","2017-03",12
"2904","MV","2017-03",0
"2905","NI","2017-03",0
"2906","NW","2017-03",0
"2907","RP","2017-03",0
"2908","SH","2017-03",0
"2909","SL","2017-03",4
"2910","SN","2017-03",0
"2911","ST","2017-03",0
"2912","TH","2017-03",0
"2913","BB","2017-04",11
"2914","BE","2017-04",9
"2915","BW","2017-04",12
"2916","BY","2017-04",13
"2917","HB","2017-04",13
"2918","HE","2017-04",13
"2919","HH","2017-04",0
"2920","MV","2017-04",10
"2921","NI","2017-04",13
"2922","NW","2017-04",13
"2923","RP","2017-04",12
"2924","SH","2017-04",15
"2925","SL","2017-04",13
"2926","SN","2017-04",10
"2927","ST","2017-04",4
"2928","TH","2017-04",12
"2929","BB","2017-05",0
"2930","BE","2017-05",2
"2931","BW","2017-05",0
"2932","BY","2017-05",0
"2933","HB","2017-05",1
"2934","HE","2017-05",0
"2935","HH","2017-05",5
"2936","MV","2017-05",0
"2937","NI","2017-05",1
"2938","NW","2017-05",0
"2939","RP","2017-05",0
"2940","SH","2017-05",1
"2941","SL","2017-05",0
"2942","SN","2017-05",1
"2943","ST","2017-05",1
"2944","TH","2017-05",1
"2945","BB","2017-06",0
"2946","BE","2017-06",4
"2947","BW","2017-06",11
"2948","BY","2017-06",11
"2949","HB","2017-06",10
"2950","HE","2017-06",0
"2951","HH","2017-06",0
"2952","MV","2017-06",5
"2953","NI","2017-06",10
"2954","NW","2017-06",1
"2955","RP","2017-06",0
"2956","SH","2017-06",0
"2957","SL","2017-06",0
"2958","SN","2017-06",5
"2959","ST","2017-06",5
"2960","TH","2017-06",5
"2961","BB","2017-07",12
"2962","BE","2017-07",12
"2963","BW","2017-07",5
"2964","BY","2017-07",3
"2965","HB","2017-07",31
"2966","HE","2017-07",29
"2967","HH","2017-07",12
"2968","MV","2017-07",8
"2969","NI","2017-07",31
"2970","NW","2017-07",15
"2971","RP","2017-07",29
"2972","SH","2017-07",8
"2973","SL","2017-07",29
"2974","SN","2017-07",31
"2975","ST","2017-07",31
"2976","TH","2017-07",31
"2977","BB","2017-08",31
"2978","BE","2017-08",31
"2979","BW","2017-08",31
"2980","BY","2017-08",31
"2981","HB","2017-08",2
"2982","HE","2017-08",11
"2983","HH","2017-08",30
"2984","MV","2017-08",31
"2985","NI","2017-08",2
"2986","NW","2017-08",29
"2987","RP","2017-08",11
"2988","SH","2017-08",31
"2989","SL","2017-08",14
"2990","SN","2017-08",4
"2991","ST","2017-08",9
"2992","TH","2017-08",9
"2993","BB","2017-09",1
"2994","BE","2017-09",1
"2995","BW","2017-09",9
"2996","BY","2017-09",11
"2997","HB","2017-09",0
"2998","HE","2017-09",0
"2999","HH","2017-09",0
"3000","MV","2017-09",2
"3001","NI","2017-09",0
"3002","NW","2017-09",0
"3003","RP","2017-09",0
"3004","SH","2017-09",2
"3005","SL","2017-09",0
"3006","SN","2017-09",0
"3007","ST","2017-09",0
"3008","TH","2017-09",0
"3009","BB","2017-10",9
"3010","BE","2017-10",10
"3011","BW","2017-10",2
"3012","BY","2017-10",2
"3013","HB","2017-10",14
"3014","HE","2017-10",13
"3015","HH","2017-10",13
"3016","MV","2017-10",9
"3017","NI","2017-10",13
"3018","NW","2017-10",9
"3019","RP","2017-10",12
"3020","SH","2017-10",12
"3021","SL","2017-10",13
"3022","SN","2017-10",14
"3023","ST","2017-10",13
"3024","TH","2017-10",13
"3025","BB","2017-11",4
"3026","BE","2017-11",4
"3027","BW","2017-11",3
"3028","BY","2017-11",4
"3029","HB","2017-11",0
"3030","HE","2017-11",0
"3031","HH","2017-11",0
"3032","MV","2017-11",0
"3033","NI","2017-11",0
"3034","NW","2017-11",4
"3035","RP","2017-11",0
"3036","SH","2017-11",0
"3037","SL","2017-11",0
"3038","SN","2017-11",0
"3039","ST","2017-11",0
"3040","TH","2017-11",0
"3041","BB","2017-12",11
"3042","BE","2017-12",11
"3043","BW","2017-12",10
"3044","BY","2017-12",9
"3045","HB","2017-12",10
"3046","HE","2017-12",8
"3047","HH","2017-12",10
"3048","MV","2017-12",11
"3049","NI","2017-12",10
"3050","NW","2017-12",5
"3051","RP","2017-12",10
"3052","SH","2017-12",11
"3053","SL","2017-12",11
"3054","SN","2017-12",9
"3055","ST","2017-12",11
"3056","TH","2017-12",10
"3057","BB","2018-01",2
"3058","BE","2018-01",2
"3059","BW","2018-01",5
"3060","BY","2018-01",5
"3061","HB","2018-01",6
"3062","HE","2018-01",13
"3063","HH","2018-01",5
"3064","MV","2018-01",3
"3065","NI","2018-01",5
"3066","NW","2018-01",6
"3067","RP","2018-01",9
"3068","SH","2018-01",6
"3069","SL","2018-01",5
"3070","SN","2018-01",2
"3071","ST","2018-01",3
"3072","TH","2018-01",5
"3073","BB","2018-02",6
"3074","BE","2018-02",6
"3075","BW","2018-02",5
"3076","BY","2018-02",5
"3077","HB","2018-02",2
"3078","HE","2018-02",0
"3079","HH","2018-02",1
"3080","MV","2018-02",12
"3081","NI","2018-02",2
"3082","NW","2018-02",0
"3083","RP","2018-02",0
"3084","SH","2018-02",0
"3085","SL","2018-02",6
"3086","SN","2018-02",12
"3087","ST","2018-02",5
"3088","TH","2018-02",5
"3089","BB","2018-03",6
"3090","BE","2018-03",6
"3091","BW","2018-03",6
"3092","BY","2018-03",6
"3093","HB","2018-03",13
"3094","HE","2018-03",6
"3095","HH","2018-03",12
"3096","MV","2018-03",6
"3097","NI","2018-03",13
"3098","NW","2018-03",6
"3099","RP","2018-03",6
"3100","SH","2018-03",3
"3101","SL","2018-03",6
"3102","SN","2018-03",3
"3103","ST","2018-03",6
"3104","TH","2018-03",6
"3105","BB","2018-04",6
"3106","BE","2018-04",7
"3107","BW","2018-04",6
"3108","BY","2018-04",7
"3109","HB","2018-04",4
"3110","HE","2018-04",7
"3111","HH","2018-04",1
"3112","MV","2018-04",4
"3113","NI","2018-04",4
"3114","NW","2018-04",7
"3115","RP","2018-04",6
"3116","SH","2018-04",13
"3117","SL","2018-04",6
"3118","SN","2018-04",6
"3119","ST","2018-04",1
"3120","TH","2018-04",7
"3121","BB","2018-05",0
"3122","BE","2018-05",2
"3123","BW","2018-05",10
"3124","BY","2018-05",10
"3125","HB","2018-05",2
"3126","HE","2018-05",0
"3127","HH","2018-05",5
"3128","MV","2018-05",6
"3129","NI","2018-05",2
"3130","NW","2018-05",4
"3131","RP","2018-05",0
"3132","SH","2018-05",1
"3133","SL","2018-05",0
"3134","SN","2018-05",5
"3135","ST","2018-05",9
"3136","TH","2018-05",1
"3137","BB","2018-06",0
"3138","BE","2018-06",0
"3139","BW","2018-06",2
"3140","BY","2018-06",2
"3141","HB","2018-06",3
"3142","HE","2018-06",6
"3143","HH","2018-06",0
"3144","MV","2018-06",0
"3145","NI","2018-06",3
"3146","NW","2018-06",0
"3147","RP","2018-06",6
"3148","SH","2018-06",0
"3149","SL","2018-06",6
"3150","SN","2018-06",0
"3151","ST","2018-06",3
"3152","TH","2018-06",0
"3153","BB","2018-07",27
"3154","BE","2018-07",27
"3155","BW","2018-07",6
"3156","BY","2018-07",2
"3157","HB","2018-07",31
"3158","HE","2018-07",31
"3159","HH","2018-07",27
"3160","MV","2018-07",23
"3161","NI","2018-07",31
"3162","NW","2018-07",16
"3163","RP","2018-07",31
"3164","SH","2018-07",23
"3165","SL","2018-07",31
"3166","SN","2018-07",30
"3167","ST","2018-07",31
"3168","TH","2018-07",30
"3169","BB","2018-08",18
"3170","BE","2018-08",17
"3171","BW","2018-08",31
"3172","BY","2018-08",31
"3173","HB","2018-08",8
"3174","HE","2018-08",3
"3175","HH","2018-08",15
"3176","MV","2018-08",18
"3177","NI","2018-08",8
"3178","NW","2018-08",28
"3179","RP","2018-08",3
"3180","SH","2018-08",18
"3181","SL","2018-08",3
"3182","SN","2018-08",10
"3183","ST","2018-08",8
"3184","TH","2018-08",11
"3185","BB","2018-09",0
"3186","BE","2018-09",0
"3187","BW","2018-09",8
"3188","BY","2018-09",10
"3189","HB","2018-09",0
"3190","HE","2018-09",0
"3191","HH","2018-09",0
"3192","MV","2018-09",0
"3193","NI","2018-09",0
"3194","NW","2018-09",0
"3195","RP","2018-09",0
"3196","SH","2018-09",0
"3197","SL","2018-09",0
"3198","SN","2018-09",0
"3199","ST","2018-09",0
"3200","TH","2018-09",0
"3201","BB","2018-10",10
"3202","BE","2018-10",10
"3203","BW","2018-10",3
"3204","BY","2018-10",3
"3205","HB","2018-10",13
"3206","HE","2018-10",13
"3207","HH","2018-10",12
"3208","MV","2018-10",0
"3209","NI","2018-10",12
"3210","NW","2018-10",13
"3211","RP","2018-10",12
"3212","SH","2018-10",19
"3213","SL","2018-10",12
"3214","SN","2018-10",13
"3215","ST","2018-10",12
"3216","TH","2018-10",13
"3217","BB","2018-11",2
"3218","BE","2018-11",2
"3219","BW","2018-11",2
"3220","BY","2018-11",3
"3221","HB","2018-11",0
"3222","HE","2018-11",0
"3223","HH","2018-11",0
"3224","MV","2018-11",2
"3225","NI","2018-11",0
"3226","NW","2018-11",0
"3227","RP","2018-11",0
"3228","SH","2018-11",0
"3229","SL","2018-11",0
"3230","SN","2018-11",0
"3231","ST","2018-11",0
"3232","TH","2018-11",0
"3233","BB","2018-12",10
"3234","BE","2018-12",10
"3235","BW","2018-12",8
"3236","BY","2018-12",10
"3237","HB","2018-12",8
"3238","HE","2018-12",8
"3239","HH","2018-12",12
"3240","MV","2018-12",8
"3241","NI","2018-12",8
"3242","NW","2018-12",11
"3243","RP","2018-12",12
"3244","SH","2018-12",11
"3245","SL","2018-12",12
"3246","SN","2018-12",10
"3247","ST","2018-12",13
"3248","TH","2018-12",11
"3249","BB","2019-01",5
"3250","BE","2019-01",5
"3251","BW","2019-01",5
"3252","BY","2019-01",5
"3253","HB","2019-01",4
"3254","HE","2019-01",12
"3255","HH","2019-01",4
"3256","MV","2019-01",5
"3257","NI","2019-01",4
"3258","NW","2019-01",4
"3259","RP","2019-01",4
"3260","SH","2019-01",4
"3261","SL","2019-01",4
"3262","SN","2019-01",4
"3263","ST","2019-01",4
"3264","TH","2019-01",4
